created_in,entry_id,PM1.0_CF_ATM_ug/m3,PM2.5_CF_ATM_ug/m3,PM10.0_CF_ATM_ug/m3,UptimeMinutes,RSSI_dbm,Temperature_F,Humidity_%,PM2.5_CF_1_ug/m3
2017-12-04 15:00-16:00,70.5,1.2021875,1.8975,2.2425,24.65625,-48.03125,76.5625,26.875,1.8975
2017-12-04 16:00-17:00,109.0,0.81,1.4586666666666668,1.7702222222222221,76.0,-49.24444444444445,79.17777777777778,24.155555555555555,1.4586666666666668
2017-12-04 17:00-18:00,154.0,1.1517777777777778,1.5144444444444445,1.6746666666666667,41.06666666666667,-70.35555555555555,71.71111111111111,25.6,1.5144444444444445
2017-12-04 18:00-19:00,199.0,0.5551111111111111,0.742,0.888888888888889,77.33333333333333,-75.0,71.0,32.0,0.742
2017-12-04 19:00-20:00,244.0,0.256,0.4444444444444444,0.4355555555555556,137.33333333333334,-73.11111111111111,71.0,32.0,0.4444444444444444
2017-12-04 20:00-21:00,289.0,0.09577777777777778,0.27466666666666667,0.3877777777777778,197.33333333333334,-73.53333333333333,71.0,32.0,0.27466666666666667
2017-12-04 21:00-22:00,334.0,0.03,0.11666666666666667,0.22466666666666668,257.3333333333333,-72.95555555555555,71.0,32.0,0.11666666666666667
2017-12-04 22:00-23:00,379.0,0.078,0.13133333333333333,0.208,317.3333333333333,-72.57777777777778,71.0,32.0,0.13133333333333333
2017-12-04 23:00-00:00,424.0,0.07,0.12733333333333333,0.17333333333333334,377.3333333333333,-73.91111111111111,71.0,32.0,0.12733333333333333
2017-12-05 00:00-01:00,469.0,0.07,0.22355555555555556,0.2237777777777778,437.3333333333333,-74.24444444444444,71.0,32.0,0.22355555555555556
2017-12-05 01:00-02:00,514.0,0.12244444444444445,0.26466666666666666,0.352,497.3333333333333,-73.37777777777778,71.0,32.0,0.26466666666666666
2017-12-05 02:00-03:00,559.0,2.5766666666666667,3.6566666666666667,4.014,557.3333333333334,-74.08888888888889,71.0,32.0,3.6566666666666667
2017-12-05 03:00-04:00,604.0,9.665333333333333,14.098444444444445,15.540444444444445,617.3333333333334,-75.17777777777778,71.0,32.0,13.196
2017-12-05 04:00-05:00,649.0,16.311777777777777,22.47711111111111,24.345555555555556,677.3333333333334,-73.97777777777777,71.0,32.0,22.320444444444444
2017-12-05 05:00-06:00,694.0,23.104444444444443,32.20111111111111,34.675777777777775,737.3333333333334,-76.84444444444445,71.0,32.0,28.102666666666668
2017-12-05 06:00-07:00,738.0,30.788372093023256,45.381860465116276,50.10511627906977,796.0697674418604,-76.6046511627907,71.0,32.0,35.95511627906977
2017-12-05 07:00-08:00,776.5,29.496764705882352,42.69941176470588,46.49588235294118,856.2941176470588,-76.94117647058823,71.0,32.0,36.21029411764706
2017-12-05 08:00-09:00,809.5,31.419687500000002,46.3684375,51.06375,924.875,-77.4375,71.0,32.0,39.8434375
2017-12-05 09:00-10:00,848.0,6.780666666666667,9.557333333333334,10.291777777777778,977.3333333333334,-77.44444444444444,71.0,32.0,9.532
2017-12-05 10:00-11:00,893.0,2.184222222222222,3.1724444444444444,3.5966666666666667,1037.3333333333333,-75.91111111111111,71.0,32.0,3.1724444444444444
2017-12-05 11:00-12:00,938.0,2.7004444444444444,4.620222222222222,5.354444444444445,1097.3333333333333,-77.5111111111111,71.0,32.0,4.426888888888889
2017-12-05 12:00-13:00,983.0,33.43066666666667,64.36155555555555,79.34222222222222,1157.3333333333333,-78.71111111111111,71.0,32.0,45.93666666666667
2017-12-05 13:00-14:00,1028.0,5.921555555555556,8.841555555555555,9.883333333333333,1217.3333333333333,-77.33333333333333,71.0,32.0,8.503333333333334
2017-12-05 14:00-15:00,1073.0,14.838888888888889,21.174222222222223,23.029333333333334,350.4,-76.86666666666666,52.13333333333333,37.22222222222222,18.040444444444443
2017-12-05 15:00-16:00,1118.0,22.05022222222222,30.357555555555557,32.580666666666666,73.33333333333333,-77.68888888888888,45.44444444444444,42.0,27.699555555555555
2017-12-05 16:00-17:00,1163.0,15.727111111111112,21.946444444444445,23.834222222222223,133.33333333333334,-78.08888888888889,48.22222222222222,40.62222222222222,20.930888888888887
2017-12-05 17:00-18:00,1208.0,3.981333333333333,5.287555555555556,5.6802222222222225,193.33333333333334,-77.22222222222223,53.733333333333334,31.133333333333333,5.287555555555556
2017-12-05 18:00-19:00,1253.0,1.233111111111111,1.8251111111111111,2.0755555555555554,253.33333333333334,-77.04444444444445,63.044444444444444,29.533333333333335,1.8251111111111111
2017-12-05 19:00-20:00,1298.0,1.4437777777777778,2.1475555555555554,2.3704444444444444,313.3333333333333,-74.46666666666667,71.0,32.0,2.1475555555555554
2017-12-05 20:00-21:00,1343.0,3.1095555555555556,4.0824444444444445,4.334,373.3333333333333,-73.66666666666667,71.0,32.0,4.0824444444444445
2017-12-05 21:00-22:00,1388.0,7.872888888888889,10.427777777777777,11.125555555555556,433.3333333333333,-73.15555555555555,71.0,32.0,10.427777777777777
2017-12-05 22:00-23:00,1433.0,9.715333333333334,12.582222222222223,13.231555555555556,493.3333333333333,-73.22222222222223,71.0,32.0,12.582222222222223
2017-12-05 23:00-00:00,1478.0,14.864666666666666,19.34177777777778,20.528666666666666,553.3333333333334,-72.0,71.0,32.0,18.81577777777778
2017-12-06 00:00-01:00,1523.0,16.291555555555554,21.204444444444444,22.484,613.3333333333334,-75.11111111111111,71.0,32.0,20.659555555555556
2017-12-06 01:00-02:00,1568.0,30.692666666666668,41.42888888888889,44.062,673.3333333333334,-78.2,71.0,32.0,36.06311111111111
2017-12-06 02:00-03:00,1613.0,65.03111111111112,98.12444444444445,109.60555555555555,733.3333333333334,-78.2,71.0,32.0,67.90688888888889
2017-12-06 03:00-04:00,1658.0,81.21866666666666,122.28066666666666,136.49755555555555,793.3333333333334,-78.33333333333333,71.0,32.0,81.65955555555556
2017-12-06 04:00-05:00,1703.0,52.51888888888889,72.60844444444444,77.72644444444444,853.3333333333334,-77.44444444444444,71.0,32.0,52.72022222222222
2017-12-06 05:00-06:00,1748.0,50.34422222222222,68.99333333333334,73.22822222222223,913.3333333333334,-76.66666666666667,71.0,32.0,50.154444444444444
2017-12-06 06:00-07:00,1793.0,54.63355555555555,75.71755555555556,81.36355555555555,973.3333333333334,-79.22222222222223,71.0,32.0,54.36022222222222
2017-12-06 07:00-08:00,1838.0,44.394888888888886,61.75888888888889,66.20066666666666,1033.3333333333333,-79.46666666666667,71.0,32.0,47.73266666666667
2017-12-06 08:00-09:00,1883.0,34.413555555555554,47.39666666666667,50.49488888888889,1093.3333333333333,-79.11111111111111,71.0,32.0,40.67133333333334
2017-12-06 09:00-10:00,1928.0,36.724000000000004,51.79911111111111,56.14666666666667,1153.3333333333333,-79.26666666666667,71.0,32.0,42.266444444444446
2017-12-06 10:00-11:00,1973.0,24.92577777777778,33.91511111111111,36.368,1213.3333333333333,-79.42222222222222,71.0,32.0,30.43888888888889
2017-12-06 11:00-12:00,2018.0,22.657555555555554,30.609111111111112,32.519777777777776,1273.3333333333333,-79.57777777777778,71.0,32.0,28.340444444444444
2017-12-06 12:00-13:00,2063.0,12.346666666666668,16.255555555555556,17.159777777777776,1333.3333333333333,-79.71111111111111,71.0,32.0,16.255555555555556
2017-12-06 13:00-14:00,2108.0,16.552444444444443,21.39977777777778,22.582,1393.3333333333333,-79.82222222222222,71.0,32.0,21.18888888888889
2017-12-06 14:00-15:00,2153.0,21.146444444444445,27.852888888888888,29.532888888888888,1453.3333333333333,-78.35555555555555,71.0,32.0,26.133111111111113
2017-12-06 15:00-16:00,2198.0,38.842444444444446,63.56977777777778,73.22488888888888,1513.3333333333333,-76.08888888888889,71.0,32.0,47.39111111111111
2017-12-06 16:00-17:00,2243.0,19.408,26.035555555555554,27.617333333333335,1573.3333333333333,-74.46666666666667,71.0,32.0,25.18177777777778
2017-12-06 17:00-18:00,2288.0,7.784666666666666,10.173555555555556,10.959333333333333,1633.3333333333333,-74.08888888888889,71.0,32.0,10.173555555555556
2017-12-06 18:00-19:00,2333.0,6.198,8.463777777777779,9.164444444444445,1693.3333333333333,-74.4,71.0,32.0,8.463777777777779
2017-12-06 19:00-20:00,2377.5,4.974772727272727,6.816136363636364,7.472727272727273,1753.8181818181818,-74.27272727272727,71.0,32.0,6.816136363636364
2017-12-06 20:00-21:00,2422.0,5.050666666666666,6.7524444444444445,7.399333333333334,1813.3333333333333,-73.6,71.0,32.0,6.7524444444444445
2017-12-06 21:00-22:00,2467.0,8.094666666666667,10.715333333333334,11.665777777777778,1873.3333333333333,-73.77777777777777,71.0,32.0,10.715333333333334
2017-12-06 22:00-23:00,2512.0,9.577333333333334,13.259777777777778,14.669777777777778,1933.3333333333333,-73.75555555555556,71.0,32.0,13.259777777777778
2017-12-06 23:00-00:00,2557.0,9.158222222222223,12.486222222222223,13.775333333333334,1993.3333333333333,-74.75555555555556,71.0,32.0,12.486222222222223
2017-12-07 00:00-01:00,2602.0,17.296666666666667,22.732,24.10088888888889,2053.3333333333335,-72.88888888888889,71.0,32.0,22.24222222222222
2017-12-07 01:00-02:00,2647.0,30.65088888888889,41.202222222222225,43.718444444444444,2113.3333333333335,-72.84444444444445,71.0,32.0,35.248444444444445
2017-12-07 02:00-03:00,2692.0,59.59688888888889,81.59044444444444,87.17666666666666,2173.3333333333335,-74.08888888888889,71.0,32.0,55.794444444444444
2017-12-07 03:00-04:00,2737.0,58.07955555555556,81.32844444444444,87.72644444444444,2233.3333333333335,-74.82222222222222,71.0,32.0,56.656
2017-12-07 04:00-05:00,2782.0,52.193777777777775,72.3411111111111,77.65466666666667,2293.3333333333335,-75.55555555555556,71.0,32.0,51.422444444444444
2017-12-07 05:00-06:00,2827.0,79.16644444444445,114.27666666666667,124.644,2353.3333333333335,-74.8,71.0,32.0,75.57755555555556
2017-12-07 06:00-07:00,2872.0,71.4011111111111,103.872,113.31066666666666,2413.3333333333335,-75.55555555555556,71.0,32.0,68.92466666666667
2017-12-07 07:00-08:00,2917.0,47.31466666666667,67.4191111111111,73.00755555555556,2473.3333333333335,-75.66666666666667,71.0,32.0,49.821555555555555
2017-12-07 08:00-09:00,2962.0,31.209333333333333,43.98111111111111,47.538444444444444,2533.4666666666667,-75.53333333333333,71.0,32.0,38.55133333333333
2017-12-07 09:00-10:00,3007.0,25.033555555555555,34.156666666666666,36.17733333333334,2593.6666666666665,-75.15555555555555,71.0,32.0,32.05911111111111
2017-12-07 10:00-11:00,3052.0,19.191333333333333,26.112222222222222,28.351333333333333,2653.6666666666665,-76.02222222222223,71.0,32.0,26.086
2017-12-07 11:00-12:00,3097.0,23.84111111111111,33.06688888888889,35.61911111111111,2713.6666666666665,-75.33333333333333,71.0,32.0,31.94911111111111
2017-12-07 12:00-13:00,3142.0,14.870888888888889,20.787555555555556,22.67577777777778,2773.6666666666665,-74.93333333333334,71.0,32.0,20.49888888888889
2017-12-07 13:00-14:00,3187.0,6.694,8.412,8.918888888888889,2833.6666666666665,-74.44444444444444,71.0,32.0,8.412
2017-12-07 14:00-15:00,3232.0,6.704888888888889,8.788222222222222,9.344666666666667,2893.6666666666665,-74.4888888888889,71.0,32.0,8.788222222222222
2017-12-07 15:00-16:00,3276.5,6.031363636363636,7.853863636363636,8.396590909090909,2953.2727272727275,-74.3409090909091,71.0,32.0,7.853863636363636
2017-12-07 16:00-17:00,3321.0,9.391777777777778,13.27,14.647777777777778,3013.6666666666665,-72.88888888888889,71.0,32.0,13.27
2017-12-07 17:00-18:00,3366.0,6.076888888888889,8.346222222222222,9.065555555555555,3073.6666666666665,-72.15555555555555,71.0,32.0,8.346222222222222
2017-12-07 18:00-19:00,3411.0,3.22,4.416666666666667,4.802666666666667,3133.6666666666665,-70.91111111111111,71.0,32.0,4.416666666666667
2017-12-07 19:00-20:00,3456.0,4.291111111111111,5.602444444444444,5.996888888888889,3193.6666666666665,-70.55555555555556,71.0,32.0,5.602444444444444
2017-12-07 20:00-21:00,3501.0,3.3057777777777777,4.2908888888888885,4.550888888888889,3253.6666666666665,-70.42222222222222,71.0,32.0,4.2908888888888885
2017-12-07 21:00-22:00,3546.0,2.666888888888889,3.562666666666667,3.810888888888889,3313.6666666666665,-70.35555555555555,71.0,32.0,3.562666666666667
2017-12-07 22:00-23:00,3591.0,3.0526666666666666,3.9404444444444446,4.2764444444444445,3373.6666666666665,-70.62222222222222,71.0,32.0,3.9404444444444446
2017-12-07 23:00-00:00,3636.0,11.578222222222223,14.150222222222222,14.65911111111111,3433.6666666666665,-71.0,71.0,32.0,13.871555555555556
2017-12-08 00:00-01:00,3680.5,21.585227272727273,29.495227272727274,31.755681818181817,3493.3863636363635,-71.56818181818181,71.0,32.0,25.735227272727272
2017-12-08 01:00-02:00,3725.0,28.683555555555557,38.04511111111111,40.35733333333334,3553.6666666666665,-71.24444444444444,71.0,32.0,33.77822222222222
2017-12-08 02:00-03:00,3770.0,40.36577777777778,55.47844444444444,59.294666666666664,3613.6666666666665,-73.24444444444444,71.0,32.0,43.27488888888889
2017-12-08 03:00-04:00,3815.0,43.623555555555555,58.01311111111111,61.38466666666667,3673.6666666666665,-73.22222222222223,71.0,32.0,44.663555555555554
2017-12-08 04:00-05:00,3860.0,74.58733333333333,108.79555555555555,118.92422222222223,3733.6666666666665,-73.37777777777778,71.0,32.0,72.31155555555556
2017-12-08 05:00-06:00,3905.0,46.25822222222222,64.22977777777778,68.75244444444445,3793.6666666666665,-73.28888888888889,71.0,32.0,47.74933333333333
2017-12-08 06:00-07:00,3950.0,39.388222222222225,53.972,57.686,3853.6666666666665,-76.2,71.0,32.0,43.14377777777778
2017-12-08 07:00-08:00,3995.0,57.13711111111111,83.42577777777778,90.90666666666667,3913.6666666666665,-76.55555555555556,71.0,32.0,58.157333333333334
2017-12-08 08:00-09:00,4040.0,54.04311111111111,76.7851111111111,82.74511111111111,3973.6666666666665,-77.93333333333334,71.0,32.0,54.05866666666667
2017-12-08 09:00-10:00,4085.0,36.73466666666667,52.678444444444445,56.803111111111114,4033.6666666666665,-78.5111111111111,71.0,32.0,43.50377777777778
2017-12-08 10:00-11:00,4130.0,29.118666666666666,41.43333333333334,44.77755555555556,4093.6666666666665,-77.73333333333333,71.0,32.0,36.385777777777776
2017-12-08 11:00-12:00,4175.0,13.383555555555555,18.205333333333332,19.526444444444444,4153.666666666667,-77.95555555555555,71.0,32.0,18.205333333333332
2017-12-08 12:00-13:00,4220.0,10.746,14.288666666666666,15.430222222222222,4213.666666666667,-73.68888888888888,71.0,32.0,14.288666666666666
2017-12-08 13:00-14:00,4265.0,15.046222222222221,22.548666666666666,25.276444444444444,4273.666666666667,-73.77777777777777,71.0,32.0,22.486
2017-12-08 14:00-15:00,4310.0,11.381777777777778,15.722222222222221,17.025333333333332,4333.666666666667,-73.88888888888889,71.0,32.0,15.722222222222221
2017-12-08 15:00-16:00,4355.0,12.41911111111111,16.868444444444446,18.087555555555557,4393.666666666667,-74.82222222222222,71.0,32.0,16.868444444444446
2017-12-08 16:00-17:00,4400.0,9.236666666666666,12.161777777777777,13.054,4453.666666666667,-73.97777777777777,71.0,32.0,12.161777777777777
2017-12-08 17:00-18:00,4445.0,16.029777777777777,21.563555555555556,22.909555555555556,4513.666666666667,-72.5111111111111,71.0,32.0,21.374222222222222
2017-12-08 18:00-19:00,4490.0,10.349333333333334,14.178,15.322444444444445,4573.666666666667,-72.84444444444445,71.0,32.0,14.122
2017-12-08 19:00-20:00,4535.0,14.240666666666666,21.058666666666667,23.157333333333334,4633.666666666667,-74.24444444444444,71.0,32.0,21.05511111111111
2017-12-08 20:00-21:00,4580.0,8.089333333333334,10.994,11.824222222222222,4693.666666666667,-73.37777777777778,71.0,32.0,10.994
2017-12-08 21:00-22:00,4625.0,8.731111111111112,12.022222222222222,13.212444444444444,4753.666666666667,-73.86666666666666,71.0,32.0,12.022222222222222
2017-12-08 22:00-23:00,4670.0,15.392,22.594444444444445,24.976222222222223,4813.666666666667,-74.04444444444445,71.0,32.0,22.131555555555554
2017-12-08 23:00-00:00,4715.0,15.40088888888889,21.774,23.933555555555554,4873.666666666667,-73.37777777777778,71.0,32.0,21.607111111111113
2017-12-09 00:00-01:00,4760.0,14.24311111111111,19.429555555555556,21.01377777777778,4933.666666666667,-73.77777777777777,71.0,32.0,19.200666666666667
2017-12-09 01:00-02:00,4805.0,46.128,63.25,67.17288888888889,4993.666666666667,-75.4,71.0,32.0,46.464666666666666
2017-12-09 02:00-03:00,4850.0,68.95311111111111,100.72,110.36955555555555,5053.666666666667,-75.17777777777778,71.0,32.0,70.08622222222222
2017-12-09 03:00-04:00,4895.0,61.00622222222222,84.49466666666666,90.26955555555556,5113.666666666667,-79.17777777777778,71.0,32.0,57.809333333333335
2017-12-09 04:00-05:00,4940.0,52.33488888888889,73.53355555555555,78.41488888888888,5173.666666666667,-78.57777777777778,71.0,32.0,51.58222222222222
2017-12-09 05:00-06:00,4985.0,48.72822222222222,69.86533333333333,75.62444444444445,5233.666666666667,-76.93333333333334,71.0,32.0,50.84022222222222
2017-12-09 06:00-07:00,5030.0,52.727333333333334,73.51155555555556,78.76755555555556,5293.666666666667,-77.91111111111111,71.0,32.0,52.05422222222222
2017-12-09 07:00-08:00,5075.0,46.58822222222222,64.16422222222222,68.13355555555556,5353.666666666667,-79.04444444444445,71.0,32.0,48.260444444444445
2017-12-09 08:00-09:00,5120.0,47.571333333333335,66.40644444444445,70.93533333333333,5413.666666666667,-78.33333333333333,71.0,32.0,49.248444444444445
2017-12-09 09:00-10:00,5165.0,39.71577777777778,56.06311111111111,60.188,5473.666666666667,-78.33333333333333,71.0,32.0,44.31644444444444
2017-12-09 10:00-11:00,5210.0,20.738666666666667,28.893555555555555,31.235111111111113,5533.666666666667,-77.84444444444445,71.0,32.0,28.184
2017-12-09 11:00-12:00,5255.0,13.304444444444444,18.416,19.827555555555556,5593.666666666667,-78.62222222222222,71.0,32.0,18.416
2017-12-09 12:00-13:00,5300.0,18.50311111111111,26.71022222222222,29.427555555555557,5653.666666666667,-78.55555555555556,71.0,32.0,25.519555555555556
2017-12-09 13:00-14:00,5345.0,14.54288888888889,21.206444444444443,23.20288888888889,5713.666666666667,-79.31111111111112,71.0,32.0,20.412222222222223
2017-12-09 14:00-15:00,5390.0,10.934888888888889,15.858,17.39777777777778,5773.666666666667,-79.13333333333334,71.0,32.0,15.858
2017-12-09 15:00-16:00,5435.0,9.084444444444445,12.924222222222221,14.093111111111112,5833.666666666667,-78.31111111111112,71.0,32.0,12.924222222222221
2017-12-09 16:00-17:00,5480.0,22.581777777777777,32.276,35.227777777777774,5893.666666666667,-72.68888888888888,71.0,32.0,26.902666666666665
2017-12-09 17:00-18:00,5525.0,19.75177777777778,27.379555555555555,29.342666666666666,5953.666666666667,-73.55555555555556,71.0,32.0,22.15577777777778
2017-12-09 18:00-19:00,5570.0,3.599111111111111,4.7891111111111115,5.111777777777778,1613.4222222222222,-75.62222222222222,64.64444444444445,33.46666666666667,4.7891111111111115
2017-12-09 19:00-20:00,5615.0,4.265777777777778,5.508,5.819555555555556,73.33333333333333,-74.35555555555555,66.06666666666666,31.044444444444444,5.508
2017-12-09 20:00-21:00,5659.5,5.6247727272727275,7.273863636363636,7.820909090909091,50.09090909090909,-72.27272727272727,67.75,31.136363636363637,7.273863636363636
2017-12-09 21:00-22:00,5704.0,7.4528888888888885,9.894666666666666,10.508888888888889,66.66666666666667,-70.6,66.6,30.733333333333334,9.894666666666666
2017-12-09 22:00-23:00,5749.0,10.200888888888889,13.069777777777778,13.834666666666667,126.66666666666667,-70.44444444444444,66.0,34.355555555555554,13.069777777777778
2017-12-09 23:00-00:00,5794.0,8.900222222222222,11.583333333333334,12.388,186.66666666666666,-69.82222222222222,65.68888888888888,36.48888888888889,11.583333333333334
2017-12-10 00:00-01:00,5839.0,37.09777777777778,57.154444444444444,63.99911111111111,246.66666666666666,-70.64444444444445,62.37777777777778,43.44444444444444,41.449333333333335
2017-12-10 01:00-02:00,5884.0,40.224,57.00044444444445,61.58688888888889,306.6666666666667,-70.64444444444445,57.333333333333336,49.91111111111111,43.815777777777775
2017-12-10 02:00-03:00,5929.0,41.03422222222222,55.53044444444444,58.986,366.6666666666667,-71.44444444444444,53.8,53.666666666666664,43.57977777777778
2017-12-10 03:00-04:00,5974.0,56.45511111111111,82.05711111111111,89.70133333333334,426.6666666666667,-71.02222222222223,52.044444444444444,55.644444444444446,55.566
2017-12-10 04:00-05:00,6019.0,69.55355555555556,95.43711111111111,101.57955555555556,486.6666666666667,-69.73333333333333,50.62222222222222,57.4,63.92622222222222
2017-12-10 05:00-06:00,6064.0,57.93088888888889,80.82155555555556,86.32933333333334,546.6666666666666,-70.17777777777778,49.68888888888889,58.24444444444445,55.81444444444444
2017-12-10 06:00-07:00,6109.0,34.415333333333336,47.43377777777778,50.93644444444444,606.6666666666666,-70.4888888888889,49.577777777777776,57.68888888888889,40.10311111111111
2017-12-10 07:00-08:00,6154.0,38.730222222222224,53.62733333333333,57.273555555555554,666.6666666666666,-70.06666666666666,71.0,32.0,43.26
2017-12-10 08:00-09:00,6199.0,34.47844444444444,48.30111111111111,52.13488888888889,726.6666666666666,-70.37777777777778,71.0,32.0,40.861111111111114
2017-12-10 09:00-10:00,6244.0,33.55533333333333,49.49022222222222,54.25533333333333,786.6666666666666,-70.17777777777778,71.0,32.0,41.800222222222224
2017-12-10 10:00-11:00,6289.0,35.31377777777778,54.824444444444445,61.245111111111115,846.6666666666666,-70.11111111111111,71.0,32.0,44.54022222222222
2017-12-10 11:00-12:00,6334.0,28.901555555555554,42.91444444444444,47.566,906.7111111111111,-70.37777777777778,71.0,32.0,37.94177777777778
2017-12-10 12:00-13:00,6379.0,17.37,24.18177777777778,26.185777777777776,967.0,-70.26666666666667,71.0,32.0,23.811777777777777
2017-12-10 13:00-14:00,6424.0,8.246666666666666,11.144444444444444,12.096,1027.0,-70.06666666666666,71.0,32.0,11.144444444444444
2017-12-10 14:00-15:00,6469.0,4.3933333333333335,5.818888888888889,6.290222222222222,1087.0,-70.13333333333334,71.0,32.0,5.818888888888889
2017-12-10 15:00-16:00,6514.0,5.023111111111111,6.847333333333333,7.491777777777778,1147.0,-70.13333333333334,71.0,32.0,6.847333333333333
2017-12-10 16:00-17:00,6559.0,4.326,5.783111111111111,6.148,908.0444444444445,-70.4,65.4,38.28888888888889,5.783111111111111
2017-12-10 17:00-18:00,6604.0,4.778,6.2075555555555555,6.6353333333333335,44.0,-69.55555555555556,53.17777777777778,53.06666666666667,6.2075555555555555
2017-12-10 18:00-19:00,6649.0,4.497333333333334,6.202222222222222,6.827333333333334,104.0,-69.24444444444444,60.84444444444444,39.22222222222222,6.202222222222222
2017-12-10 19:00-20:00,6694.0,3.7791111111111113,4.922444444444444,5.370444444444445,164.0,-69.35555555555555,66.26666666666667,32.733333333333334,4.922444444444444
2017-12-10 20:00-21:00,6739.0,9.587777777777777,12.455555555555556,13.276222222222222,224.0,-69.15555555555555,68.0,31.955555555555556,12.455555555555556
2017-12-10 21:00-22:00,6784.0,8.956888888888889,12.123111111111111,13.006,229.95555555555555,-69.35555555555555,66.77777777777777,31.955555555555556,11.957777777777778
2017-12-10 22:00-23:00,6829.0,11.594,16.044,17.26111111111111,40.0,-69.15555555555555,66.4,31.68888888888889,15.876888888888889
2017-12-10 23:00-00:00,6874.0,16.298222222222222,21.73977777777778,23.198666666666668,100.0,-68.82222222222222,66.44444444444444,35.8,21.506444444444444
2017-12-11 00:00-01:00,6919.0,29.774,44.35622222222222,49.13155555555556,160.0,-69.71111111111111,61.977777777777774,44.55555555555556,35.90511111111111
2017-12-11 01:00-02:00,6964.0,40.778666666666666,54.20022222222222,57.11977777777778,220.0,-69.71111111111111,56.666666666666664,50.82222222222222,42.352666666666664
2017-12-11 02:00-03:00,7009.0,53.97888888888889,69.44111111111111,72.79511111111111,280.0,-70.22222222222223,55.0,52.08888888888889,49.22666666666667
2017-12-11 03:00-04:00,7054.0,37.81755555555556,54.242222222222225,59.644888888888886,340.0,-70.17777777777778,59.22222222222222,46.422222222222224,41.482
2017-12-11 04:00-05:00,7099.0,17.903555555555556,23.348,24.699333333333335,400.0,-71.53333333333333,71.0,32.0,23.326888888888888
2017-12-11 05:00-06:00,7144.0,18.12622222222222,24.108,25.715555555555554,62.75555555555555,-72.13333333333334,51.0,53.91111111111111,23.889555555555557
2017-12-11 06:00-07:00,7189.0,32.58911111111111,51.466,57.768,84.0,-71.33333333333333,47.62222222222222,57.82222222222222,41.508
2017-12-11 07:00-08:00,7234.0,45.346222222222224,65.10155555555555,70.44244444444445,144.0,-71.71111111111111,47.0,59.022222222222226,48.456
2017-12-11 08:00-09:00,7278.5,34.92409090909091,50.28454545454545,54.4675,203.97727272727272,-71.93181818181819,47.0,59.27272727272727,40.94340909090909
2017-12-11 09:00-10:00,7323.0,18.754666666666665,27.708,30.481333333333332,264.0,-71.68888888888888,58.2,46.888888888888886,26.916222222222224
2017-12-11 10:00-11:00,7368.0,11.427111111111111,15.999555555555556,17.556,324.0,-71.33333333333333,71.0,32.0,15.99088888888889
2017-12-11 11:00-12:00,7413.0,10.239777777777778,14.137333333333332,15.192,384.0,-71.4888888888889,71.0,32.0,14.120666666666667
2017-12-11 12:00-13:00,7458.0,9.991555555555555,14.866666666666667,16.174,444.0,-71.08888888888889,71.0,32.0,14.151333333333334
2017-12-11 13:00-14:00,7503.0,4.017777777777778,5.834222222222222,6.480444444444444,267.55555555555554,-70.31111111111112,58.86666666666667,40.6,5.834222222222222
2017-12-11 14:00-15:00,7548.0,4.365555555555556,6.136444444444445,6.934666666666667,57.333333333333336,-70.46666666666667,44.22222222222222,51.577777777777776,6.136444444444445
2017-12-11 15:00-16:00,7593.0,5.587111111111111,7.8357777777777775,8.622,117.33333333333333,-70.42222222222222,45.955555555555556,47.6,7.8357777777777775
2017-12-11 16:00-17:00,7638.0,19.59288888888889,25.115555555555556,26.200444444444443,177.33333333333334,-70.42222222222222,71.0,32.0,23.314888888888888
2017-12-11 17:00-18:00,7683.0,3.386888888888889,4.596222222222222,5.037555555555556,237.33333333333334,-70.17777777777778,71.0,32.0,4.596222222222222
2017-12-11 18:00-19:00,7728.0,2.839777777777778,4.075555555555556,4.4255555555555555,297.3333333333333,-70.31111111111112,71.0,32.0,4.075555555555556
2017-12-11 19:00-20:00,7773.0,2.712666666666667,3.706888888888889,4.054444444444444,357.3333333333333,-69.95555555555555,71.0,32.0,3.706888888888889
2017-12-11 20:00-21:00,7818.0,1.736888888888889,2.8053333333333335,3.1808888888888887,417.3333333333333,-69.84444444444445,71.0,32.0,2.8053333333333335
2017-12-11 21:00-22:00,7863.0,1.1955555555555555,1.7644444444444445,2.0131111111111113,477.3333333333333,-69.8,71.0,32.0,1.7644444444444445
2017-12-11 22:00-23:00,7908.0,1.4664444444444444,2.106222222222222,2.371777777777778,537.3333333333334,-69.62222222222222,71.0,32.0,2.106222222222222
2017-12-11 23:00-00:00,7953.0,1.946888888888889,2.609777777777778,2.8597777777777775,597.3333333333334,-69.4888888888889,71.0,32.0,2.609777777777778
2017-12-12 00:00-01:00,7998.0,11.987777777777778,15.809333333333333,16.753777777777778,657.3333333333334,-69.8,71.0,32.0,15.270222222222221
2017-12-12 01:00-02:00,8043.0,20.596444444444444,27.032222222222224,28.521333333333335,717.3333333333334,-69.46666666666667,71.0,32.0,24.944
2017-12-12 02:00-03:00,8088.0,32.96222222222222,45.10666666666667,48.026666666666664,777.3333333333334,-70.26666666666667,71.0,32.0,38.36288888888889
2017-12-12 03:00-04:00,8133.0,37.89822222222222,53.599111111111114,57.852666666666664,837.3333333333334,-71.22222222222223,71.0,32.0,41.833333333333336
2017-12-12 04:00-05:00,8178.0,37.46511111111111,50.794444444444444,54.37111111111111,897.3333333333334,-71.82222222222222,71.0,32.0,41.11911111111111
2017-12-12 05:00-06:00,8223.0,39.718,55.33866666666667,59.525999999999996,957.3333333333334,-69.2,71.0,32.0,44.18911111111111
2017-12-12 06:00-07:00,8268.0,42.354,59.99044444444444,64.64444444444445,1017.3333333333334,-69.75555555555556,71.0,32.0,46.36955555555556
2017-12-12 07:00-08:00,8313.0,44.99022222222222,65.00911111111111,70.55466666666666,1077.3333333333333,-69.66666666666667,71.0,32.0,48.77
2017-12-12 08:00-09:00,8358.0,26.978444444444445,36.87822222222222,39.43577777777778,1137.3333333333333,-70.31111111111112,71.0,32.0,32.90911111111111
2017-12-12 09:00-10:00,8403.0,15.344666666666667,20.44066666666667,21.908444444444445,1197.3333333333333,-70.46666666666667,71.0,32.0,20.44066666666667
2017-12-12 10:00-11:00,8448.0,11.130888888888888,15.584666666666667,16.706666666666667,1257.3333333333333,-70.26666666666667,71.0,32.0,15.584666666666667
2017-12-12 11:00-12:00,8493.0,14.358444444444444,21.66711111111111,24.218,1317.3333333333333,-69.91111111111111,71.0,32.0,20.70422222222222
2017-12-12 12:00-13:00,8538.0,18.228444444444445,26.491555555555557,29.128888888888888,1377.3333333333333,-69.97777777777777,71.0,32.0,25.623333333333335
2017-12-12 13:00-14:00,8583.0,13.239777777777778,18.15222222222222,19.541555555555554,1437.3333333333333,-69.8,71.0,32.0,18.122666666666667
2017-12-12 14:00-15:00,8628.0,9.903333333333334,13.306222222222223,14.244444444444445,1497.3333333333333,-70.08888888888889,71.0,32.0,13.306222222222223
2017-12-12 15:00-16:00,8673.0,10.64488888888889,14.382888888888889,15.518666666666666,1557.3333333333333,-70.26666666666667,71.0,32.0,14.382888888888889
2017-12-12 16:00-17:00,8718.0,31.43311111111111,43.961555555555556,47.07111111111111,1617.3333333333333,-70.22222222222223,71.0,32.0,33.004
2017-12-12 17:00-18:00,8763.0,8.322,10.999555555555556,11.883555555555555,1677.3333333333333,-70.37777777777778,71.0,32.0,10.748222222222223
2017-12-12 18:00-19:00,8808.0,5.431555555555556,7.134222222222222,7.620222222222222,1737.3333333333333,-70.0,71.0,32.0,7.134222222222222
2017-12-12 19:00-20:00,8853.0,8.183111111111112,11.475111111111111,12.564,1797.3333333333333,-71.2,71.0,32.0,11.475111111111111
2017-12-12 20:00-21:00,8898.0,4.020444444444444,5.168888888888889,5.5408888888888885,1857.3333333333333,-70.11111111111111,71.0,32.0,5.168888888888889
2017-12-12 21:00-22:00,8943.0,2.585111111111111,3.4477777777777776,3.689111111111111,1917.3333333333333,-69.97777777777777,71.0,32.0,3.4477777777777776
2017-12-12 22:00-23:00,8988.0,3.2904444444444443,4.416666666666667,4.788222222222222,1977.4,-69.8,71.0,32.0,4.416666666666667
2017-12-12 23:00-00:00,9033.0,12.668888888888889,17.905333333333335,19.300666666666668,2037.6666666666667,-69.66666666666667,71.0,32.0,16.664666666666665
2017-12-13 00:00-01:00,9078.0,14.738888888888889,19.372,20.515555555555554,2097.6666666666665,-69.64444444444445,71.0,32.0,18.99711111111111
2017-12-13 01:00-02:00,9123.0,26.663777777777778,34.64,36.41088888888889,2157.6666666666665,-70.08888888888889,71.0,32.0,31.966
2017-12-13 02:00-03:00,9168.0,36.79822222222222,48.902,51.67666666666667,2217.6666666666665,-70.33333333333333,71.0,32.0,39.99155555555556
2017-12-13 03:00-04:00,9213.0,46.55555555555556,62.918,66.636,2277.6666666666665,-70.53333333333333,71.0,32.0,47.425555555555555
2017-12-13 04:00-05:00,9258.0,34.016888888888886,45.92133333333333,49.080888888888886,2337.6666666666665,-70.22222222222223,71.0,32.0,39.816
2017-12-13 05:00-06:00,9303.0,40.07266666666667,55.95511111111111,59.983111111111114,2397.6666666666665,-70.62222222222222,71.0,32.0,44.54977777777778
2017-12-13 06:00-07:00,9348.0,55.34022222222222,77.11555555555556,82.89266666666667,2457.6666666666665,-70.4,71.0,32.0,53.94266666666667
2017-12-13 07:00-08:00,9393.0,43.55711111111111,61.55888888888889,66.42333333333333,2517.6666666666665,-71.13333333333334,71.0,32.0,47.63488888888889
2017-12-13 08:00-09:00,9438.0,45.99111111111111,65.99377777777778,71.49955555555556,2577.6666666666665,-71.73333333333333,71.0,32.0,49.34222222222222
2017-12-13 09:00-10:00,9483.0,37.86822222222222,54.29244444444444,58.92755555555556,2637.6666666666665,-70.84444444444445,71.0,32.0,44.443333333333335
2017-12-13 10:00-11:00,9528.0,27.78311111111111,39.321333333333335,42.647777777777776,2697.6666666666665,-71.11111111111111,71.0,32.0,35.48088888888889
2017-12-13 11:00-12:00,9572.5,21.674318181818183,31.100227272727274,33.81454545454545,2757.159090909091,-70.81818181818181,71.0,32.0,30.000681818181818
2017-12-13 12:00-13:00,9617.0,11.825333333333333,15.82088888888889,16.866222222222223,2817.6666666666665,-70.88888888888889,71.0,32.0,15.784
2017-12-13 13:00-14:00,9662.0,11.087555555555555,15.108666666666666,16.165777777777777,2877.6666666666665,-70.11111111111111,71.0,32.0,15.108666666666666
2017-12-13 14:00-15:00,9707.0,24.39488888888889,31.268666666666668,32.64066666666667,2937.6666666666665,-70.24444444444444,71.0,32.0,26.12688888888889
2017-12-13 15:00-16:00,9752.0,28.180222222222223,36.11044444444445,37.81155555555556,2997.6666666666665,-69.84444444444445,71.0,32.0,29.788
2017-12-13 16:00-17:00,9797.0,10.356666666666667,13.487555555555556,14.335777777777778,3057.6666666666665,-71.22222222222223,71.0,32.0,13.451555555555556
2017-12-13 17:00-18:00,9842.0,5.858222222222222,7.468222222222222,7.987777777777778,3117.6666666666665,-71.0,71.0,32.0,7.468222222222222
2017-12-13 18:00-19:00,9887.0,7.699111111111111,9.446222222222222,9.886666666666667,3177.6666666666665,-70.68888888888888,71.0,32.0,9.446222222222222
2017-12-13 19:00-20:00,9932.0,9.287333333333333,11.642888888888889,12.25088888888889,3237.6666666666665,-70.75555555555556,71.0,32.0,11.642888888888889
2017-12-13 20:00-21:00,9977.0,6.553111111111111,8.008222222222223,8.382444444444445,3297.6666666666665,-71.08888888888889,71.0,32.0,8.008222222222223
2017-12-13 21:00-22:00,10022.0,5.596222222222222,6.827111111111111,7.063555555555555,3357.6666666666665,-70.15555555555555,71.0,32.0,6.827111111111111
2017-12-13 22:00-23:00,10067.0,9.005777777777778,11.114222222222223,11.63711111111111,3417.6666666666665,-69.5111111111111,71.0,32.0,11.114222222222223
2017-12-13 23:00-00:00,10112.0,8.905111111111111,10.979111111111111,11.596444444444444,3477.6666666666665,-69.31111111111112,71.0,32.0,10.979111111111111
2017-12-14 00:00-01:00,10157.0,19.18422222222222,26.186444444444444,28.179333333333332,3537.6666666666665,-69.46666666666667,71.0,32.0,23.27177777777778
2017-12-14 01:00-02:00,10202.0,67.57377777777778,97.382,105.95777777777778,3597.6666666666665,-73.0,71.0,32.0,67.16577777777778
2017-12-14 02:00-03:00,10247.0,52.00533333333333,67.76533333333333,70.71822222222222,3657.6666666666665,-71.13333333333334,71.0,32.0,49.73177777777778
2017-12-14 03:00-04:00,10292.0,48.136,66.13333333333334,70.78533333333333,3717.6666666666665,-71.13333333333334,71.0,32.0,48.76288888888889
2017-12-14 04:00-05:00,10337.0,57.71666666666667,90.13422222222222,101.64466666666667,3777.6666666666665,-72.64444444444445,71.0,32.0,60.715555555555554
2017-12-14 05:00-06:00,10382.0,50.70933333333333,73.36911111111111,79.8471111111111,3837.6666666666665,-71.91111111111111,71.0,32.0,52.032000000000004
2017-12-14 06:00-07:00,10427.0,57.51244444444445,79.95977777777777,85.40733333333333,3897.6666666666665,-72.4888888888889,71.0,32.0,54.89022222222222
2017-12-14 07:00-08:00,10472.0,52.025777777777776,73.03155555555556,78.49866666666667,3957.6666666666665,-73.53333333333333,71.0,32.0,52.20444444444445
2017-12-14 08:00-09:00,10517.0,42.72311111111111,62.605111111111114,68.7911111111111,4017.6666666666665,-73.62222222222222,71.0,32.0,48.08288888888889
2017-12-14 09:00-10:00,10562.0,47.21088888888889,72.70177777777778,80.88466666666666,4077.6666666666665,-73.13333333333334,71.0,32.0,52.77377777777778
2017-12-14 10:00-11:00,10607.0,33.32866666666667,49.13911111111111,54.169111111111114,4137.666666666667,-71.5111111111111,71.0,32.0,41.18888888888889
2017-12-14 11:00-12:00,10652.0,24.221555555555554,32.845777777777776,35.068888888888885,4197.666666666667,-72.26666666666667,71.0,32.0,31.870444444444445
2017-12-14 12:00-13:00,10697.0,29.228444444444445,40.44844444444445,43.32244444444444,4257.666666666667,-71.5111111111111,71.0,32.0,36.803555555555555
2017-12-14 13:00-14:00,10742.0,27.158666666666665,36.80155555555555,39.04644444444445,4317.666666666667,-71.82222222222222,71.0,32.0,34.650666666666666
2017-12-14 14:00-15:00,10787.0,37.24888888888889,54.15888888888889,58.99666666666667,4377.666666666667,-71.68888888888888,71.0,32.0,44.43822222222222
2017-12-14 15:00-16:00,10832.0,29.473333333333333,40.36577777777778,42.986666666666665,4437.666666666667,-71.4888888888889,71.0,32.0,37.018
2017-12-14 16:00-17:00,10877.0,24.312,32.31511111111111,34.43977777777778,4497.666666666667,-70.64444444444445,71.0,32.0,31.51822222222222
2017-12-14 17:00-18:00,10922.0,16.668444444444443,22.019777777777776,23.528666666666666,4557.666666666667,-70.84444444444445,71.0,32.0,22.019111111111112
2017-12-14 18:00-19:00,10967.0,12.318666666666667,16.472666666666665,17.676444444444446,4617.666666666667,-70.5111111111111,71.0,32.0,16.472666666666665
2017-12-14 19:00-20:00,11012.0,9.216222222222223,12.395333333333333,13.226222222222223,4677.666666666667,-69.8,71.0,32.0,12.395333333333333
2017-12-14 20:00-21:00,11057.0,7.572,10.371333333333334,11.131333333333334,4737.666666666667,-70.26666666666667,71.0,32.0,10.371333333333334
2017-12-14 21:00-22:00,11102.0,7.454666666666666,10.056222222222223,10.765333333333333,4797.666666666667,-69.86666666666666,71.0,32.0,10.056222222222223
2017-12-14 22:00-23:00,11147.0,10.370222222222223,13.968,15.000444444444444,4857.666666666667,-69.86666666666666,71.0,32.0,13.968
2017-12-14 23:00-00:00,11192.0,12.898222222222222,17.192888888888888,18.23777777777778,4917.666666666667,-69.97777777777777,71.0,32.0,16.587555555555557
2017-12-15 00:00-01:00,11237.0,33.18066666666667,45.21666666666667,47.65244444444445,4977.666666666667,-69.4888888888889,71.0,32.0,36.80888888888889
2017-12-15 01:00-02:00,11282.0,48.14222222222222,63.76177777777778,67.10666666666667,5037.666666666667,-70.91111111111111,71.0,32.0,47.150888888888886
2017-12-15 02:00-03:00,11327.0,53.29088888888889,78.40177777777778,86.94444444444444,5097.666666666667,-70.26666666666667,71.0,32.0,56.712666666666664
2017-12-15 03:00-04:00,11372.0,48.647333333333336,67.26333333333334,71.94933333333333,5157.666666666667,-72.77777777777777,71.0,32.0,48.63066666666666
2017-12-15 04:00-05:00,11417.0,57.82622222222222,79.44,84.87933333333334,5217.666666666667,-72.64444444444445,71.0,32.0,55.397333333333336
2017-12-15 05:00-06:00,11462.0,37.18377777777778,51.98288888888889,55.958222222222226,5277.666666666667,-69.97777777777777,71.0,32.0,42.036
2017-12-15 06:00-07:00,11507.0,38.95155555555556,54.57244444444444,58.51755555555555,5337.666666666667,-70.24444444444444,71.0,32.0,43.525333333333336
2017-12-15 07:00-08:00,11552.0,26.014888888888887,35.80533333333333,38.269333333333336,5397.666666666667,-70.5111111111111,71.0,32.0,32.967333333333336
2017-12-15 08:00-09:00,11597.0,25.650666666666666,37.10311111111111,40.23711111111111,5457.666666666667,-70.6,71.0,32.0,33.464444444444446
2017-12-15 09:00-10:00,11642.0,25.618666666666666,36.852444444444444,40.28666666666667,5517.666666666667,-71.04444444444445,71.0,32.0,34.00577777777778
2017-12-15 10:00-11:00,11687.0,18.589777777777776,26.33,28.502222222222223,5577.666666666667,-70.31111111111112,71.0,32.0,25.12977777777778
2017-12-15 11:00-12:00,11732.0,10.722444444444445,15.080222222222222,16.323999999999998,5637.666666666667,-70.11111111111111,71.0,32.0,15.080222222222222
2017-12-15 12:00-13:00,11777.0,9.216888888888889,12.519777777777778,13.496222222222222,5697.666666666667,-70.95555555555555,71.0,32.0,12.405555555555555
2017-12-15 13:00-14:00,11822.0,17.814222222222224,27.366666666666667,30.67711111111111,5757.666666666667,-70.11111111111111,71.0,32.0,23.723333333333333
2017-12-15 14:00-15:00,11867.0,12.624,16.862666666666666,18.011555555555557,5817.666666666667,-70.08888888888889,71.0,32.0,16.862666666666666
2017-12-15 15:00-16:00,11912.0,12.795333333333334,18.11488888888889,19.64666666666667,5877.666666666667,-71.02222222222223,71.0,32.0,18.054222222222222
2017-12-15 16:00-17:00,11956.5,37.02045454545455,50.528636363636366,53.90113636363636,5937.931818181818,-69.47727272727273,71.0,32.0,40.68386363636364
2017-12-15 17:00-18:00,12001.0,32.745111111111115,46.705333333333336,51.324222222222225,5997.666666666667,-69.6,71.0,32.0,36.83266666666667
2017-12-15 18:00-19:00,12046.0,15.466,25.329555555555554,29.20888888888889,6057.666666666667,-68.95555555555555,71.0,32.0,23.111555555555555
2017-12-15 19:00-20:00,12091.0,6.462666666666666,8.623111111111111,9.094222222222223,6117.666666666667,-68.13333333333334,71.0,32.0,8.623111111111111
2017-12-15 20:00-21:00,12136.0,5.3597777777777775,7.137555555555555,7.581333333333333,6177.666666666667,-67.93333333333334,71.0,32.0,7.137555555555555
2017-12-15 21:00-22:00,12181.0,10.388,13.910222222222222,14.85288888888889,6237.666666666667,-67.55555555555556,71.0,32.0,13.546888888888889
2017-12-15 22:00-23:00,12226.0,10.699777777777777,14.076888888888888,14.861555555555556,6297.666666666667,-66.84444444444445,71.0,32.0,14.076888888888888
2017-12-15 23:00-00:00,12271.0,11.313777777777778,15.891777777777778,17.46666666666667,6357.666666666667,-66.88888888888889,71.0,32.0,14.98488888888889
2017-12-16 00:00-01:00,12316.0,17.214,25.58577777777778,28.62977777777778,6417.666666666667,-66.75555555555556,71.0,32.0,22.659111111111113
2017-12-16 01:00-02:00,12361.0,23.15111111111111,31.40711111111111,33.559777777777775,6477.666666666667,-67.73333333333333,71.0,32.0,29.11466666666667
2017-12-16 02:00-03:00,12406.0,34.67088888888889,48.11555555555555,51.522444444444446,6537.666666666667,-68.73333333333333,71.0,32.0,39.01777777777778
2017-12-16 03:00-04:00,12451.0,43.281333333333336,61.26466666666666,65.88244444444445,6597.666666666667,-69.33333333333333,71.0,32.0,46.68355555555556
2017-12-16 04:00-05:00,12496.0,39.016666666666666,58.74355555555555,64.74977777777778,6657.666666666667,-69.13333333333334,71.0,32.0,44.824222222222225
2017-12-16 05:00-06:00,12541.0,22.142,29.811777777777777,31.65,6717.666666666667,-69.91111111111111,71.0,32.0,28.590444444444444
2017-12-16 06:00-07:00,12585.0,21.980232558139534,29.34767441860465,31.267674418604653,6777.2558139534885,-69.4186046511628,71.0,32.0,28.62581395348837
2017-12-16 07:00-08:00,12629.0,22.756666666666668,33.70644444444444,37.342444444444446,6837.666666666667,-69.77777777777777,71.0,32.0,30.29422222222222
2017-12-16 08:00-09:00,12674.0,25.912222222222223,34.830444444444446,36.87288888888889,6897.666666666667,-69.15555555555555,71.0,32.0,31.02711111111111
2017-12-16 09:00-10:00,12719.0,29.543555555555557,42.04355555555556,45.24644444444444,6957.666666666667,-69.64444444444445,71.0,32.0,36.848444444444446
2017-12-16 10:00-11:00,12764.0,23.392666666666667,33.22911111111111,35.67444444444445,7017.666666666667,-69.4,71.0,32.0,31.189333333333334
2017-12-16 11:00-12:00,12809.0,24.855555555555554,34.93977777777778,37.52133333333333,7077.666666666667,-69.84444444444445,71.0,32.0,32.946888888888886
2017-12-16 12:00-13:00,12854.0,16.814,23.111777777777778,24.732222222222223,7137.666666666667,-70.6,71.0,32.0,23.058
2017-12-16 13:00-14:00,12899.0,7.0377777777777775,9.461555555555556,10.294444444444444,7197.666666666667,-69.73333333333333,71.0,32.0,9.461555555555556
2017-12-16 14:00-15:00,12944.0,4.898,6.515555555555555,7.120444444444445,7257.666666666667,-69.88888888888889,71.0,32.0,6.515555555555555
2017-12-16 15:00-16:00,12989.0,7.833555555555556,10.944666666666667,12.00911111111111,7317.666666666667,-69.77777777777777,71.0,32.0,10.944666666666667
2017-12-16 16:00-17:00,13034.0,4.378888888888889,6.067555555555556,6.706888888888889,7377.666666666667,-70.04444444444445,71.0,32.0,6.067555555555556
2017-12-16 17:00-18:00,13079.0,1.2544444444444445,2.058,2.3497777777777777,7437.666666666667,-70.06666666666666,71.0,32.0,2.058
2017-12-16 18:00-19:00,13124.0,1.5804444444444445,2.418,2.7257777777777776,7497.666666666667,-69.97777777777777,71.0,32.0,2.418
2017-12-16 19:00-20:00,13169.0,1.0302222222222222,1.6291111111111112,1.964,7557.666666666667,-70.0,71.0,32.0,1.6291111111111112
2017-12-16 20:00-21:00,13214.0,0.4504444444444445,0.8326666666666667,1.0582222222222222,7617.666666666667,-69.97777777777777,71.0,32.0,0.8326666666666667
2017-12-16 21:00-22:00,13259.0,0.8828888888888888,1.5115555555555555,1.789111111111111,7677.666666666667,-69.37777777777778,71.0,32.0,1.5115555555555555
2017-12-16 22:00-23:00,13304.0,0.2791111111111111,0.6133333333333334,0.6962222222222222,7737.666666666667,-69.5111111111111,71.0,32.0,0.6133333333333334
2017-12-16 23:00-00:00,13349.0,1.3115555555555556,1.996888888888889,2.285111111111111,7797.666666666667,-69.44444444444444,71.0,32.0,1.996888888888889
2017-12-17 00:00-01:00,13394.0,3.5242222222222224,4.7748888888888885,5.164888888888889,7857.666666666667,-68.97777777777777,71.0,32.0,4.7748888888888885
2017-12-17 01:00-02:00,13439.0,15.406444444444444,20.161333333333335,21.2,7917.666666666667,-68.82222222222222,71.0,32.0,18.40577777777778
2017-12-17 02:00-03:00,13484.0,16.326444444444444,25.566444444444443,29.182222222222222,7977.666666666667,-69.42222222222222,71.0,32.0,21.624
2017-12-17 03:00-04:00,13529.0,23.19622222222222,29.974222222222224,31.627555555555556,8037.666666666667,-72.62222222222222,71.0,32.0,26.542444444444445
2017-12-17 04:00-05:00,13574.0,17.402666666666665,24.01311111111111,25.95488888888889,8097.666666666667,-71.31111111111112,71.0,32.0,22.374666666666666
2017-12-17 05:00-06:00,13619.0,1.7975555555555556,2.6086666666666667,2.898,8157.666666666667,-72.6,71.0,32.0,2.6086666666666667
2017-12-17 06:00-07:00,13662.5,6.151666666666666,8.584761904761905,9.405,8218.214285714286,-71.64285714285714,71.0,32.0,8.425
2017-12-17 07:00-08:00,13706.0,4.199111111111111,5.704666666666666,6.249555555555555,8277.666666666666,-72.02222222222223,71.0,32.0,5.704666666666666
2017-12-17 08:00-09:00,13751.0,2.1515555555555554,2.993333333333333,3.372888888888889,8337.666666666666,-70.95555555555555,71.0,32.0,2.993333333333333
2017-12-17 09:00-10:00,13796.0,9.953111111111111,15.300888888888888,17.266,8397.666666666666,-71.31111111111112,71.0,32.0,13.010666666666665
2017-12-17 10:00-11:00,13841.0,13.641333333333334,19.365777777777776,20.848444444444446,8457.666666666666,-70.93333333333334,71.0,32.0,17.972444444444445
2017-12-17 11:00-12:00,13886.0,6.990888888888889,9.341111111111111,10.020444444444445,8517.666666666666,-70.86666666666666,71.0,32.0,9.19688888888889
2017-12-17 12:00-13:00,13931.0,10.378,15.012666666666666,16.405333333333335,8577.666666666666,-71.28888888888889,71.0,32.0,15.012666666666666
2017-12-17 13:00-14:00,13976.0,26.257555555555555,42.01533333333333,47.431777777777775,8637.666666666666,-70.93333333333334,71.0,32.0,32.94488888888889
2017-12-17 14:00-15:00,14021.0,9.861777777777778,13.822222222222223,14.930888888888889,8697.666666666666,-72.4,71.0,32.0,13.80711111111111
2017-12-17 15:00-16:00,14066.0,13.65488888888889,18.90822222222222,20.43111111111111,8757.666666666666,-71.33333333333333,71.0,32.0,18.860444444444443
2017-12-17 16:00-17:00,14111.0,30.028666666666666,42.27155555555556,45.51155555555555,8817.666666666666,-71.73333333333333,71.0,32.0,36.083555555555556
2017-12-17 17:00-18:00,14156.0,46.148,65.87355555555555,71.30933333333333,8877.666666666666,-70.55555555555556,71.0,32.0,49.81422222222222
2017-12-17 18:00-19:00,14201.0,39.797333333333334,56.873111111111115,61.601333333333336,8937.666666666666,-70.22222222222223,71.0,32.0,44.40622222222222
2017-12-17 19:00-20:00,14246.0,27.21311111111111,39.82511111111111,43.587555555555554,8997.666666666666,-70.04444444444445,71.0,32.0,35.11288888888889
2017-12-17 20:00-21:00,14291.0,22.48622222222222,34.787333333333336,38.42355555555555,9057.666666666666,-72.04444444444445,71.0,32.0,32.35688888888889
2017-12-17 21:00-22:00,14336.0,20.57311111111111,31.682222222222222,35.12577777777778,9117.666666666666,-71.2,71.0,32.0,30.604
2017-12-17 22:00-23:00,14381.0,17.663555555555554,27.354444444444443,30.586444444444446,9177.666666666666,-71.4,71.0,32.0,27.288222222222224
2017-12-17 23:00-00:00,14426.0,17.932,27.608,30.948,9237.666666666666,-71.95555555555555,71.0,32.0,27.468
2017-12-18 00:00-01:00,14470.5,19.196136363636363,29.404545454545456,32.612272727272725,9297.84090909091,-71.13636363636364,71.0,32.0,28.937727272727273
2017-12-18 01:00-02:00,14515.0,42.38133333333333,61.58822222222222,67.01177777777778,9357.666666666666,-70.6,71.0,32.0,45.70688888888889
2017-12-18 02:00-03:00,14560.0,56.75577777777778,81.06533333333333,87.88733333333333,9417.666666666666,-70.66666666666667,71.0,32.0,54.534
2017-12-18 03:00-04:00,14605.0,59.80288888888889,86.3548888888889,93.75377777777777,9477.666666666666,-71.44444444444444,71.0,32.0,58.12533333333334
2017-12-18 04:00-05:00,14650.0,49.782222222222224,69.364,74.80533333333334,9537.666666666666,-71.4888888888889,71.0,32.0,49.67888888888889
2017-12-18 05:00-06:00,14695.0,84.88288888888889,131.57444444444445,148.3,9597.666666666666,-70.84444444444445,71.0,32.0,88.23622222222222
2017-12-18 06:00-07:00,14740.0,146.74777777777777,222.66066666666666,248.146,9657.666666666666,-70.28888888888889,71.0,32.0,147.61577777777777
2017-12-18 07:00-08:00,14785.0,84.90666666666667,125.96155555555555,139.15333333333334,9717.666666666666,-69.15555555555555,71.0,32.0,85.97533333333334
2017-12-18 08:00-09:00,14830.0,28.33822222222222,41.90577777777778,45.964888888888886,9777.666666666666,-69.28888888888889,71.0,32.0,37.351333333333336
2017-12-18 09:00-10:00,14875.0,33.17311111111111,50.02111111111111,54.96422222222222,9837.666666666666,-68.62222222222222,71.0,32.0,41.786
2017-12-18 10:00-11:00,14920.0,70.95666666666666,103.49888888888889,111.66222222222223,9897.666666666666,-68.66666666666667,71.0,32.0,74.95844444444444
2017-12-18 11:00-12:00,14965.0,41.11533333333333,57.45044444444444,60.93066666666667,9957.666666666666,-69.02222222222223,71.0,32.0,44.327555555555556
2017-12-18 12:00-13:00,15010.0,61.471555555555554,91.75955555555555,100.69311111111111,10017.666666666666,-68.82222222222222,71.0,32.0,64.96088888888889
2017-12-18 13:00-14:00,15055.0,54.592444444444446,82.69755555555555,91.35555555555555,10077.666666666666,-69.24444444444444,71.0,32.0,58.961333333333336
2017-12-18 14:00-15:00,15100.0,24.22,36.50488888888889,40.20044444444444,10137.666666666666,-69.62222222222222,71.0,32.0,33.18644444444445
2017-12-18 15:00-16:00,15145.0,26.276,40.346666666666664,44.39511111111111,10197.666666666666,-69.86666666666666,71.0,32.0,34.38088888888889
2017-12-18 16:00-17:00,15190.0,11.102222222222222,15.514222222222223,16.850666666666665,10257.666666666666,-68.66666666666667,71.0,32.0,15.424222222222223
2017-12-18 17:00-18:00,15235.0,9.191555555555556,12.864,13.944444444444445,10317.666666666666,-69.02222222222223,71.0,32.0,12.864
2017-12-18 18:00-19:00,15280.0,7.054666666666667,10.221777777777778,11.197777777777778,10377.666666666666,-70.5111111111111,71.0,32.0,10.221777777777778
2017-12-18 19:00-20:00,15324.5,7.414545454545455,10.419318181818182,11.262272727272727,10437.65909090909,-71.5,71.0,32.0,10.419318181818182
2017-12-18 20:00-21:00,15369.0,7.856444444444445,10.892222222222221,11.841333333333333,10497.666666666666,-73.22222222222223,71.0,32.0,10.892222222222221
2017-12-18 21:00-22:00,15413.5,8.35659090909091,11.904545454545454,13.083181818181819,10557.204545454546,-74.27272727272727,71.0,32.0,11.904545454545454
2017-12-18 22:00-23:00,15458.0,8.406666666666666,11.788666666666666,12.955555555555556,10617.666666666666,-74.08888888888889,71.0,32.0,11.788666666666666
2017-12-18 23:00-00:00,15503.0,18.912222222222223,26.587777777777777,28.419777777777778,10677.666666666666,-73.22222222222223,71.0,32.0,24.846888888888888
2017-12-19 00:00-01:00,15548.0,22.236,32.256,35.36555555555555,10737.666666666666,-70.75555555555556,71.0,32.0,28.519111111111112
2017-12-19 01:00-02:00,15593.0,45.586666666666666,65.05799999999999,70.14555555555556,10797.666666666666,-73.86666666666666,71.0,32.0,48.28888888888889
2017-12-19 02:00-03:00,15638.0,46.70777777777778,68.21222222222222,73.95644444444444,10857.666666666666,-71.26666666666667,71.0,32.0,49.67711111111111
2017-12-19 03:00-04:00,15683.0,40.318444444444445,56.95422222222222,61.07933333333333,10917.666666666666,-72.62222222222222,71.0,32.0,44.12133333333333
2017-12-19 04:00-05:00,15728.0,19.269555555555556,25.660222222222224,27.20488888888889,10977.666666666666,-71.22222222222223,71.0,32.0,25.473333333333333
2017-12-19 05:00-06:00,15773.0,39.032666666666664,58.06311111111111,63.510444444444445,11037.666666666666,-73.84444444444445,71.0,32.0,43.668
2017-12-19 06:00-07:00,15818.0,26.35222222222222,38.97,42.78933333333333,11097.666666666666,-74.6,71.0,32.0,34.38933333333333
2017-12-19 07:00-08:00,15863.0,16.861777777777778,23.958,26.043777777777777,11157.666666666666,-75.35555555555555,71.0,32.0,23.85622222222222
2017-12-19 08:00-09:00,15908.0,16.509777777777778,22.686888888888888,24.53088888888889,11217.666666666666,-74.8,71.0,32.0,22.686888888888888
2017-12-19 09:00-10:00,15953.0,16.956,24.302444444444443,26.60622222222222,11277.666666666666,-75.2,71.0,32.0,24.302444444444443
2017-12-19 10:00-11:00,15998.0,12.928,18.8,20.622,11337.666666666666,-74.22222222222223,71.0,32.0,18.8
2017-12-19 11:00-12:00,16043.0,11.632222222222222,16.170444444444446,17.494666666666667,11397.666666666666,-73.91111111111111,71.0,32.0,16.170444444444446
2017-12-19 12:00-13:00,16088.0,8.581333333333333,12.220444444444444,13.457333333333333,11457.666666666666,-74.2,71.0,32.0,12.220444444444444
2017-12-19 13:00-14:00,16132.5,8.535,12.450909090909091,13.803636363636365,11517.818181818182,-73.61363636363636,71.0,32.0,12.450909090909091
2017-12-19 14:00-15:00,16177.0,6.708222222222222,9.175555555555555,9.898444444444445,11577.666666666666,-74.28888888888889,71.0,32.0,9.175555555555555
2017-12-19 15:00-16:00,16222.0,6.524666666666667,8.852,9.612444444444444,11637.666666666666,-73.97777777777777,71.0,32.0,8.852
2017-12-19 16:00-17:00,16267.0,8.414222222222222,11.241111111111111,12.131333333333334,11697.666666666666,-73.73333333333333,71.0,32.0,11.241111111111111
2017-12-19 17:00-18:00,16312.0,19.706,28.538,31.19822222222222,11757.666666666666,-70.93333333333334,71.0,32.0,25.546444444444443
2017-12-19 18:00-19:00,16357.0,9.989777777777778,14.507555555555555,15.776222222222222,11817.666666666666,-70.37777777777778,71.0,32.0,14.190888888888889
2017-12-19 19:00-20:00,16402.0,3.509333333333333,4.983333333333333,5.470888888888889,11877.666666666666,-69.91111111111111,71.0,32.0,4.983333333333333
2017-12-19 20:00-21:00,16447.0,3.136888888888889,4.372,4.766222222222222,11937.666666666666,-69.55555555555556,71.0,32.0,4.372
2017-12-19 21:00-22:00,16492.0,3.884,5.584222222222222,6.067555555555556,11997.666666666666,-69.86666666666666,71.0,32.0,5.584222222222222
2017-12-19 22:00-23:00,16537.0,7.704,10.58911111111111,11.445333333333334,12057.666666666666,-70.22222222222223,71.0,32.0,10.58911111111111
2017-12-19 23:00-00:00,16581.5,9.195454545454545,13.198863636363637,14.796818181818182,7157.659090909091,-69.9090909090909,67.54545454545455,33.02272727272727,13.198863636363637
2017-12-20 00:00-01:00,16626.0,14.136888888888889,19.974888888888888,21.796222222222223,54.666666666666664,-69.35555555555555,61.13333333333333,36.422222222222224,19.929555555555556
2017-12-20 01:00-02:00,16671.0,27.715333333333334,38.30244444444445,40.906888888888886,114.66666666666667,-69.44444444444444,59.422222222222224,40.044444444444444,34.196888888888886
2017-12-20 02:00-03:00,16716.0,36.72866666666667,53.181111111111115,57.68511111111111,174.66666666666666,-69.04444444444445,68.13333333333334,34.0,42.388222222222225
2017-12-20 03:00-04:00,16761.0,30.804444444444446,45.68022222222222,49.95111111111111,234.66666666666666,-69.4888888888889,71.0,32.0,38.564
2017-12-20 04:00-05:00,16806.0,21.88111111111111,32.50577777777778,35.809777777777775,294.6666666666667,-69.5111111111111,71.0,32.0,30.98288888888889
2017-12-20 05:00-06:00,16851.0,36.24066666666667,53.42111111111111,57.96333333333333,354.6666666666667,-71.17777777777778,71.0,32.0,41.65911111111111
2017-12-20 06:00-07:00,16896.0,13.665333333333333,18.55088888888889,19.826444444444444,414.6666666666667,-71.86666666666666,71.0,32.0,18.504
2017-12-20 07:00-08:00,16941.0,8.044222222222222,11.133555555555557,11.93511111111111,474.6666666666667,-72.4,71.0,32.0,11.133555555555557
2017-12-20 08:00-09:00,16986.0,5.696,7.820888888888889,8.368666666666666,534.6666666666666,-72.17777777777778,71.0,32.0,7.820888888888889
2017-12-20 09:00-10:00,17031.0,8.658888888888889,12.282444444444444,13.356222222222222,594.6666666666666,-71.33333333333333,71.0,32.0,12.282444444444444
2017-12-20 10:00-11:00,17076.0,9.065555555555555,12.610888888888889,13.573555555555556,654.6666666666666,-73.2,71.0,32.0,12.610888888888889
2017-12-20 11:00-12:00,17121.0,4.968888888888889,6.741555555555555,7.145111111111111,714.6666666666666,-72.97777777777777,71.0,32.0,6.741555555555555
2017-12-20 12:00-13:00,17166.0,4.030444444444444,5.415111111111111,5.826888888888889,774.6666666666666,-71.64444444444445,71.0,32.0,5.415111111111111
2017-12-20 13:00-14:00,17211.0,5.292222222222223,7.103555555555555,7.574666666666666,834.6666666666666,-71.71111111111111,71.0,32.0,6.790444444444445
2017-12-20 14:00-15:00,17256.0,0.3691111111111111,0.6900000000000001,0.8935555555555555,894.6666666666666,-70.26666666666667,71.0,32.0,0.6900000000000001
2017-12-20 15:00-16:00,17301.0,13.628444444444444,18.9,20.150444444444446,954.6666666666666,-70.2,71.0,32.0,18.302444444444443
2017-12-20 16:00-17:00,17346.0,17.42377777777778,22.425333333333334,23.496222222222222,1014.6666666666666,-73.02222222222223,71.0,32.0,22.041555555555554
2017-12-20 17:00-18:00,17391.0,5.759111111111111,7.574888888888889,8.007333333333333,1074.6666666666667,-72.82222222222222,71.0,32.0,7.574888888888889
2017-12-20 18:00-19:00,17436.0,1.2364444444444445,1.7842222222222222,1.9344444444444444,1134.6666666666667,-72.95555555555555,71.0,32.0,1.7842222222222222
2017-12-20 19:00-20:00,17481.0,0.6528888888888889,1.1255555555555556,1.2724444444444445,1194.6666666666667,-72.26666666666667,71.0,32.0,1.1255555555555556
2017-12-20 20:00-21:00,17526.0,0.39555555555555555,0.6273333333333333,0.7235555555555555,1254.6666666666667,-71.73333333333333,71.0,32.0,0.6273333333333333
2017-12-20 21:00-22:00,17571.0,0.3491111111111111,0.8017777777777778,0.9548888888888889,1314.6666666666667,-71.64444444444445,71.0,32.0,0.8017777777777778
2017-12-20 22:00-23:00,17616.0,2.359111111111111,3.498,3.9424444444444444,1374.6666666666667,-72.66666666666667,71.0,32.0,3.498
2017-12-20 23:00-00:00,17661.0,3.254,5.003333333333333,5.566,1434.6666666666667,-72.15555555555555,71.0,32.0,4.952
2017-12-21 00:00-01:00,17706.0,6.375111111111111,8.552666666666667,9.096222222222222,1494.6666666666667,-72.77777777777777,71.0,32.0,8.552666666666667
2017-12-21 01:00-02:00,17751.0,12.749777777777778,17.335333333333335,18.72888888888889,1554.6666666666667,-72.71111111111111,71.0,32.0,16.819111111111113
2017-12-21 02:00-03:00,17796.0,32.41888888888889,46.17622222222222,50.24511111111111,1614.6666666666667,-72.8,71.0,32.0,39.06666666666667
2017-12-21 03:00-04:00,17841.0,39.62911111111111,55.43222222222222,59.54066666666667,1674.6666666666667,-73.08888888888889,71.0,32.0,44.49422222222222
2017-12-21 04:00-05:00,17886.0,34.910666666666664,47.23266666666667,50.30733333333333,1734.6666666666667,-73.37777777777778,71.0,32.0,39.98288888888889
2017-12-21 05:00-06:00,17931.0,27.03088888888889,36.00355555555556,38.30444444444444,1794.6666666666667,-74.0,71.0,32.0,33.54844444444444
2017-12-21 06:00-07:00,17976.0,23.91311111111111,34.397777777777776,37.51555555555556,1854.6666666666667,-74.0,71.0,32.0,32.10066666666667
2017-12-21 07:00-08:00,18021.0,13.666666666666666,18.19088888888889,19.54911111111111,1914.6666666666667,-73.46666666666667,71.0,32.0,18.19088888888889
2017-12-21 08:00-09:00,18066.0,6.043333333333333,8.280888888888889,9.023777777777777,1974.6666666666667,-73.33333333333333,71.0,32.0,8.280888888888889
2017-12-21 09:00-10:00,18111.0,1.7433333333333334,2.4435555555555557,2.6933333333333334,2034.6666666666667,-73.44444444444444,71.0,32.0,2.4435555555555557
2017-12-21 10:00-11:00,18155.5,3.225909090909091,4.690227272727273,5.282954545454546,2095.340909090909,-73.86363636363636,71.0,32.0,4.690227272727273
2017-12-21 11:00-12:00,18200.0,3.590222222222222,4.928,5.461333333333333,2154.6666666666665,-73.11111111111111,71.0,32.0,4.928
2017-12-21 12:00-13:00,18245.0,6.534222222222223,9.194444444444445,10.156888888888888,2214.6666666666665,-72.88888888888889,71.0,32.0,9.194444444444445
2017-12-21 13:00-14:00,18290.0,0.9577777777777777,1.4144444444444444,1.556,2274.6666666666665,-72.88888888888889,71.0,32.0,1.4144444444444444
2017-12-21 14:00-15:00,18335.0,1.1300000000000001,1.5788888888888888,1.740888888888889,2334.6666666666665,-72.82222222222222,71.0,32.0,1.5788888888888888
2017-12-21 15:00-16:00,18380.0,1.1557777777777778,1.6902222222222223,1.8384444444444445,2394.6666666666665,-72.91111111111111,71.0,32.0,1.6902222222222223
2017-12-21 16:00-17:00,18425.0,1.9717777777777779,2.834,3.0548888888888888,2454.6666666666665,-73.17777777777778,71.0,32.0,2.834
2017-12-21 17:00-18:00,18470.0,4.706222222222222,5.964444444444444,6.334666666666667,2514.6666666666665,-73.28888888888889,71.0,32.0,5.964444444444444
2017-12-21 18:00-19:00,18515.0,4.937555555555556,6.561111111111111,7.0488888888888885,2574.6666666666665,-73.37777777777778,71.0,32.0,6.561111111111111
2017-12-21 19:00-20:00,18560.0,1.8715555555555556,2.6335555555555556,2.9233333333333333,2634.6666666666665,-73.33333333333333,71.0,32.0,2.6335555555555556
2017-12-21 20:00-21:00,18605.0,3.4573333333333336,4.671333333333333,4.983555555555555,2694.6666666666665,-72.88888888888889,71.0,32.0,4.671333333333333
2017-12-21 21:00-22:00,18650.0,2.4362222222222223,3.3075555555555556,3.601111111111111,2754.6666666666665,-71.53333333333333,71.0,32.0,3.3075555555555556
2017-12-21 22:00-23:00,18695.0,2.0011111111111113,2.756666666666667,3.0317777777777777,2814.6666666666665,-72.0,71.0,32.0,2.756666666666667
2017-12-21 23:00-00:00,18740.0,2.304,3.2564444444444445,3.6977777777777776,2874.6666666666665,-71.73333333333333,71.0,32.0,3.2564444444444445
2017-12-22 00:00-01:00,18785.0,4.9062222222222225,6.369777777777778,6.7973333333333334,2934.6666666666665,-71.88888888888889,71.0,32.0,6.369777777777778
2017-12-22 01:00-02:00,18830.0,18.694222222222223,25.266222222222222,27.113333333333333,2994.6666666666665,-70.73333333333333,71.0,32.0,23.92577777777778
2017-12-22 02:00-03:00,18875.0,33.17333333333333,45.54822222222222,48.82822222222222,3054.6666666666665,-69.93333333333334,71.0,32.0,39.38933333333333
2017-12-22 03:00-04:00,18920.0,47.70688888888889,65.40577777777777,69.95488888888889,3114.6666666666665,-70.28888888888889,71.0,32.0,49.181111111111115
2017-12-22 04:00-05:00,18965.0,67.22222222222223,93.05666666666667,99.48022222222222,3174.6666666666665,-69.22222222222223,71.0,32.0,61.416
2017-12-22 05:00-06:00,19010.0,69.49933333333334,95.11533333333334,101.74355555555556,3234.6666666666665,-70.02222222222223,71.0,32.0,63.57377777777778
2017-12-22 06:00-07:00,19055.0,57.29622222222222,76.25866666666667,80.182,3294.6666666666665,-71.68888888888888,71.0,32.0,54.162444444444446
2017-12-22 07:00-08:00,19100.0,68.40088888888889,97.59777777777778,105.64111111111112,3354.6666666666665,-72.42222222222222,71.0,32.0,64.54888888888888
2017-12-22 08:00-09:00,19145.0,43.314,59.70155555555556,63.650666666666666,3414.6666666666665,-71.8,71.0,32.0,46.83888888888889
2017-12-22 09:00-10:00,19190.0,24.361555555555555,32.44533333333333,34.43888888888889,3474.6666666666665,-71.66666666666667,71.0,32.0,32.07244444444444
2017-12-22 10:00-11:00,19235.0,29.40222222222222,41.02088888888889,44.260222222222225,3534.6666666666665,-71.66666666666667,71.0,32.0,37.55266666666667
2017-12-22 11:00-12:00,19280.0,27.920666666666666,38.67622222222222,41.763555555555556,3594.6666666666665,-71.71111111111111,71.0,32.0,35.648666666666664
2017-12-22 12:00-13:00,19325.0,24.547555555555554,31.401555555555557,33.117333333333335,3654.6666666666665,-71.4,71.0,32.0,29.829333333333334
2017-12-22 13:00-14:00,19370.0,13.016666666666667,16.58822222222222,17.485333333333333,3714.6666666666665,-70.97777777777777,71.0,32.0,16.544
2017-12-22 14:00-15:00,19415.0,10.667333333333334,13.684444444444445,14.556666666666667,3774.6666666666665,-70.2,71.0,32.0,13.684444444444445
2017-12-22 15:00-16:00,19460.0,15.664888888888889,20.35711111111111,21.54511111111111,3834.6666666666665,-68.53333333333333,71.0,32.0,19.243111111111112
2017-12-22 16:00-17:00,19505.0,28.466444444444445,38.779333333333334,41.334,3894.6666666666665,-69.55555555555556,71.0,32.0,32.93555555555555
2017-12-22 17:00-18:00,19550.0,19.646,26.924444444444443,28.63888888888889,3954.6666666666665,-70.04444444444445,71.0,32.0,23.868222222222222
2017-12-22 18:00-19:00,19595.0,15.748222222222223,19.296666666666667,20.054444444444446,4014.6666666666665,-69.6,71.0,32.0,19.230666666666668
2017-12-22 19:00-20:00,19640.0,23.358666666666668,31.48777777777778,33.48111111111111,4074.6666666666665,-69.97777777777777,71.0,32.0,27.965333333333334
2017-12-22 20:00-21:00,19685.0,20.25288888888889,25.054666666666666,26.089111111111112,4134.666666666667,-70.62222222222222,71.0,32.0,24.105333333333334
2017-12-22 21:00-22:00,19725.5,20.9675,26.415277777777778,27.704166666666666,4191.916666666667,-70.22222222222223,71.0,32.0,25.825
2017-12-22 22:00-23:00,19766.0,28.098,35.82355555555556,37.596444444444444,4254.666666666667,-70.53333333333333,71.0,32.0,32.69577777777778
2017-12-22 23:00-00:00,19811.0,32.614222222222224,41.92977777777778,43.77488888888889,4314.666666666667,-69.71111111111111,71.0,32.0,36.57311111111111
2017-12-23 00:00-01:00,19856.0,41.56977777777778,54.71311111111111,57.474000000000004,4374.666666666667,-70.11111111111111,71.0,32.0,43.019555555555556
2017-12-23 01:00-02:00,19901.0,48.998444444444445,67.08555555555556,71.50577777777778,4434.666666666667,-70.6,71.0,32.0,49.02111111111111
2017-12-23 02:00-03:00,19946.0,45.44888888888889,59.78911111111111,62.70511111111111,4494.666666666667,-71.06666666666666,71.0,32.0,45.434222222222225
2017-12-23 03:00-04:00,19991.0,50.010888888888886,71.47777777777777,79.47977777777778,4554.666666666667,-72.26666666666667,71.0,32.0,54.022
2017-12-23 04:00-05:00,20036.0,48.852222222222224,65.06355555555555,68.70266666666667,4614.666666666667,-72.04444444444445,71.0,32.0,47.343333333333334
2017-12-23 05:00-06:00,20081.0,54.63644444444444,72.22711111111111,76.21511111111111,4674.666666666667,-70.88888888888889,71.0,32.0,51.34
2017-12-23 06:00-07:00,20126.0,57.50244444444444,76.40422222222222,81.03444444444445,4734.666666666667,-71.6,71.0,32.0,52.31066666666667
2017-12-23 07:00-08:00,20171.0,72.97111111111111,105.39644444444444,115.75577777777778,4794.666666666667,-71.57777777777778,71.0,32.0,70.20355555555555
2017-12-23 08:00-09:00,20216.0,58.98688888888889,81.37177777777778,87.07288888888888,4854.666666666667,-71.55555555555556,71.0,32.0,55.53088888888889
2017-12-23 09:00-10:00,20261.0,60.632888888888886,86.70777777777778,94.10911111111112,4914.666666666667,-71.04444444444445,71.0,32.0,58.33222222222222
2017-12-23 10:00-11:00,20306.0,50.04622222222222,68.23733333333334,73.00977777777777,4974.666666666667,-70.8,71.0,32.0,49.74911111111111
2017-12-23 11:00-12:00,20351.0,46.882,63.24888888888889,67.23377777777777,5034.666666666667,-70.4888888888889,71.0,32.0,47.68511111111111
2017-12-23 12:00-13:00,20396.0,31.313111111111112,41.955333333333336,44.59444444444444,5094.666666666667,-70.35555555555555,71.0,32.0,37.226444444444446
2017-12-23 13:00-14:00,20440.5,22.891363636363636,31.677954545454547,34.02,5155.181818181818,-71.77272727272727,71.0,32.0,30.785681818181818
2017-12-23 14:00-15:00,20485.0,18.06822222222222,25.112444444444446,27.126666666666665,5214.666666666667,-71.66666666666667,71.0,32.0,25.072222222222223
2017-12-23 15:00-16:00,20530.0,28.024,36.665333333333336,38.47555555555556,5274.666666666667,-70.4888888888889,71.0,32.0,29.569777777777777
2017-12-23 16:00-17:00,20575.0,20.531333333333333,28.88888888888889,31.585555555555555,5334.666666666667,-69.66666666666667,71.0,32.0,24.17866666666667
2017-12-23 17:00-18:00,20620.0,22.725333333333335,30.829777777777778,33.15888888888889,5394.666666666667,-69.64444444444445,71.0,32.0,29.036
2017-12-23 18:00-19:00,20665.0,22.19088888888889,29.012,30.900222222222222,5454.666666666667,-69.4,71.0,32.0,28.23
2017-12-23 19:00-20:00,20710.0,12.666,16.46977777777778,17.516444444444446,5514.666666666667,-68.4888888888889,71.0,32.0,16.100666666666665
2017-12-23 20:00-21:00,20755.0,12.437777777777777,15.75911111111111,16.64666666666667,5574.666666666667,-68.35555555555555,71.0,32.0,15.704
2017-12-23 21:00-22:00,20800.0,14.949333333333334,19.244666666666667,20.419333333333334,5634.666666666667,-68.62222222222222,71.0,32.0,19.222444444444445
2017-12-23 22:00-23:00,20845.0,19.31,25.204666666666668,26.72888888888889,5694.666666666667,-67.82222222222222,71.0,32.0,24.816222222222223
2017-12-23 23:00-00:00,20890.0,33.83444444444444,48.955333333333336,54.147777777777776,5754.666666666667,-68.88888888888889,71.0,32.0,39.321333333333335
2017-12-24 00:00-01:00,20935.0,27.558,35.61333333333334,37.56466666666667,5814.666666666667,-69.95555555555555,71.0,32.0,33.04088888888889
2017-12-24 01:00-02:00,20980.0,32.48688888888889,41.98866666666667,44.20177777777778,5874.666666666667,-68.62222222222222,71.0,32.0,36.646
2017-12-24 02:00-03:00,21025.0,43.84088888888889,58.416666666666664,61.924,5934.666666666667,-70.24444444444444,71.0,32.0,44.67422222222222
2017-12-24 03:00-04:00,21070.0,60.658,84.72333333333333,91.23088888888888,5994.666666666667,-70.2,71.0,32.0,57.53911111111111
2017-12-24 04:00-05:00,21115.0,76.22911111111111,108.93888888888888,118.52511111111112,6054.666666666667,-70.4,71.0,32.0,71.80133333333333
2017-12-24 05:00-06:00,21160.0,72.73688888888888,104.06644444444444,112.9948888888889,6114.666666666667,-68.13333333333334,71.0,32.0,69.18644444444445
2017-12-24 06:00-07:00,21205.0,47.87111111111111,63.565111111111115,67.11577777777778,6174.666666666667,-69.62222222222222,71.0,32.0,46.916222222222224
2017-12-24 07:00-08:00,21250.0,50.33533333333333,68.71044444444445,73.25066666666666,6234.666666666667,-69.77777777777777,71.0,32.0,49.44088888888889
2017-12-24 08:00-09:00,21295.0,51.00911111111111,72.798,78.82222222222222,6294.666666666667,-69.57777777777778,71.0,32.0,50.958
2017-12-24 09:00-10:00,21340.0,42.13622222222222,62.258,68.26177777777778,6354.666666666667,-70.68888888888888,71.0,32.0,46.70644444444444
2017-12-24 10:00-11:00,21385.0,27.825555555555557,39.23488888888889,42.419111111111114,6414.666666666667,-70.4888888888889,71.0,32.0,35.22533333333333
2017-12-24 11:00-12:00,21430.0,24.987555555555556,34.56622222222222,36.940888888888885,6474.666666666667,-70.4888888888889,71.0,32.0,31.755555555555556
2017-12-24 12:00-13:00,21475.0,27.861555555555555,38.67088888888889,41.38733333333333,6534.666666666667,-70.11111111111111,71.0,32.0,34.64977777777778
2017-12-24 13:00-14:00,21519.5,22.742954545454545,32.67636363636364,35.32090909090909,176.5681818181818,-69.52272727272727,49.65909090909091,53.43181818181818,31.174545454545456
2017-12-24 14:00-15:00,21564.0,19.845333333333333,26.671555555555557,28.313777777777776,42.355555555555554,-69.91111111111111,56.4,47.022222222222226,25.958666666666666
2017-12-24 15:00-16:00,21608.5,24.660227272727273,34.317727272727275,36.73772727272727,42.06818181818182,-69.6590909090909,66.11363636363636,37.22727272727273,29.697954545454547
2017-12-24 16:00-17:00,21653.0,34.02044444444444,49.156666666666666,53.717333333333336,17.466666666666665,-71.28888888888889,50.733333333333334,54.0,39.77422222222222
2017-12-24 17:00-18:00,21698.0,40.51155555555555,57.28911111111111,62.019333333333336,36.0,-68.82222222222222,54.022222222222226,50.28888888888889,43.82977777777778
2017-12-24 18:00-19:00,21743.0,14.584444444444445,18.831111111111113,19.736444444444444,59.37777777777778,-67.77777777777777,57.888888888888886,41.93333333333333,18.809333333333335
2017-12-24 19:00-20:00,21788.0,15.009777777777778,19.095555555555556,20.095777777777776,45.333333333333336,-68.31111111111112,71.0,32.0,19.095555555555556
2017-12-24 20:00-21:00,21832.0,11.649302325581395,14.718372093023255,15.453488372093023,42.883720930232556,-68.93023255813954,64.95348837209302,35.13953488372093,14.718372093023255
2017-12-24 21:00-22:00,21876.5,13.112173913043478,17.514130434782608,18.434782608695652,31.217391304347824,-69.02173913043478,65.0,34.54347826086956,17.36695652173913
2017-12-24 22:00-23:00,21922.0,13.213777777777779,17.024666666666665,17.99822222222222,62.666666666666664,-68.75555555555556,71.0,32.0,17.024666666666665
2017-12-24 23:00-00:00,21967.0,16.263333333333332,20.46488888888889,21.457333333333334,122.66666666666667,-67.86666666666666,71.0,32.0,20.31088888888889
2017-12-25 00:00-01:00,22012.0,24.433333333333334,32.12222222222222,33.92155555555556,182.66666666666666,-69.2,71.0,32.0,30.363333333333333
2017-12-25 01:00-02:00,22057.0,37.18711111111111,48.802,51.26177777777778,242.66666666666666,-67.28888888888889,71.0,32.0,39.96044444444445
2017-12-25 02:00-03:00,22102.0,56.166666666666664,76.67844444444444,80.93244444444444,302.6666666666667,-68.8,71.0,32.0,55.245777777777775
2017-12-25 03:00-04:00,22147.0,49.45377777777778,65.66511111111112,68.99466666666666,362.6666666666667,-69.84444444444445,71.0,32.0,48.278666666666666
2017-12-25 04:00-05:00,22192.0,39.05844444444445,56.19488888888889,61.18355555555556,422.6666666666667,-68.57777777777778,71.0,32.0,43.79933333333333
2017-12-25 05:00-06:00,22237.0,36.724000000000004,51.646,55.800222222222224,482.6666666666667,-69.06666666666666,71.0,32.0,41.190222222222225
2017-12-25 06:00-07:00,22282.0,37.18933333333333,53.54066666666667,58.53933333333333,542.6666666666666,-69.04444444444445,71.0,32.0,42.44088888888889
2017-12-25 07:00-08:00,22327.0,29.293111111111113,41.15,44.44111111111111,602.6666666666666,-70.17777777777778,71.0,32.0,35.53711111111111
2017-12-25 08:00-09:00,22371.5,26.12909090909091,36.42045454545455,39.099318181818184,330.65909090909093,-70.0909090909091,66.9090909090909,36.54545454545455,33.06227272727273
2017-12-25 09:00-10:00,22415.0,36.808837209302325,55.99860465116279,62.25279069767442,25.88372093023256,-69.23255813953489,57.906976744186046,47.0,44.37744186046512
2017-12-25 10:00-11:00,22459.0,28.756888888888888,43.16688888888889,47.9,68.0,-69.22222222222223,49.733333333333334,55.955555555555556,36.781333333333336
2017-12-25 11:00-12:00,22503.5,39.83704545454545,63.9475,73.62840909090909,116.88636363636364,-68.95454545454545,48.36363636363637,57.11363636363637,48.76045454545454
2017-12-25 12:00-13:00,22548.0,22.267333333333333,31.91311111111111,34.88066666666667,33.333333333333336,-68.75555555555556,53.8,51.82222222222222,29.677111111111113
2017-12-25 13:00-14:00,22593.0,26.106,39.57333333333333,43.77111111111111,93.33333333333333,-68.33333333333333,71.0,32.0,35.245777777777775
2017-12-25 14:00-15:00,22638.0,33.97911111111111,52.73777777777778,59.22533333333333,153.33333333333334,-68.31111111111112,71.0,32.0,42.374
2017-12-25 15:00-16:00,22683.0,35.27133333333333,53.11177777777778,59.22844444444445,213.33333333333334,-67.4888888888889,71.0,32.0,41.77044444444444
2017-12-25 16:00-17:00,22728.0,39.354,58.10777777777778,63.782222222222224,273.3333333333333,-65.64444444444445,71.0,32.0,44.31133333333333
2017-12-25 17:00-18:00,22772.5,18.044999999999998,24.96931818181818,26.85363636363636,179.9318181818182,-67.52272727272727,64.3409090909091,37.09090909090909,22.822954545454547
2017-12-25 18:00-19:00,22816.5,13.36,17.570454545454545,18.722727272727273,24.431818181818183,-67.11363636363636,59.56818181818182,40.27272727272727,17.43
2017-12-25 19:00-20:00,22861.0,13.681555555555555,18.368444444444446,20.010444444444445,67.13333333333334,-66.8,67.82222222222222,33.86666666666667,18.270888888888887
2017-12-25 20:00-21:00,22906.0,10.436222222222222,13.860666666666667,14.813333333333333,30.666666666666668,-66.66666666666667,63.955555555555556,35.46666666666667,13.733333333333333
2017-12-25 21:00-22:00,22951.0,10.938444444444444,13.893555555555556,14.553777777777778,90.66666666666667,-69.82222222222222,64.22222222222223,35.0,13.893555555555556
2017-12-25 22:00-23:00,22995.5,14.175454545454546,18.06590909090909,18.85181818181818,40.11363636363637,-71.5909090909091,70.0,32.63636363636363,18.06590909090909
2017-12-25 23:00-00:00,23039.5,26.405454545454546,34.93840909090909,36.61545454545455,60.29545454545455,-69.56818181818181,69.5,33.86363636363637,32.32386363636364
2017-12-26 00:00-01:00,23084.0,35.67377777777778,48.46288888888889,51.066,40.0,-72.17777777777778,60.8,45.48888888888889,40.27422222222222
2017-12-26 01:00-02:00,23129.0,66.23022222222222,95.69688888888889,103.86488888888888,44.53333333333333,-69.68888888888888,57.51111111111111,51.15555555555556,64.67177777777778
2017-12-26 02:00-03:00,23174.0,86.09644444444444,119.0308888888889,126.45488888888889,64.0,-69.75555555555556,55.08888888888889,54.8,78.64177777777778
2017-12-26 03:00-04:00,23219.0,71.81177777777778,98.72488888888888,104.754,124.0,-73.2,53.111111111111114,57.86666666666667,65.0911111111111
2017-12-26 04:00-05:00,23263.5,65.6825,89.30636363636364,94.24659090909091,23.25,-71.45454545454545,53.06818181818182,58.06818181818182,60.13363636363636
2017-12-26 05:00-06:00,23308.0,64.84444444444445,89.22666666666667,94.12377777777778,20.533333333333335,-69.88888888888889,52.15555555555556,58.15555555555556,58.904666666666664
2017-12-26 06:00-07:00,23353.0,63.06444444444445,86.21444444444444,91.89422222222223,74.66666666666667,-69.75555555555556,51.2,58.82222222222222,56.99111111111111
2017-12-26 07:00-08:00,23398.0,60.69288888888889,85.17933333333333,91.14355555555555,134.66666666666666,-70.4,49.53333333333333,60.422222222222224,57.321555555555555
2017-12-26 08:00-09:00,23443.0,64.7148888888889,92.0051111111111,98.54955555555556,194.66666666666666,-70.88888888888889,48.355555555555554,61.48888888888889,60.775777777777776
2017-12-26 09:00-10:00,23488.0,69.29088888888889,99.3548888888889,106.43422222222222,254.66666666666666,-70.11111111111111,47.84444444444444,61.75555555555555,66.15244444444444
2017-12-26 10:00-11:00,23533.0,48.065555555555555,67.108,71.14888888888889,314.6666666666667,-69.91111111111111,46.55555555555556,61.75555555555555,49.42133333333334
2017-12-26 11:00-12:00,23578.0,52.10355555555555,78.57555555555555,86.60533333333333,374.6666666666667,-70.22222222222223,45.44444444444444,61.666666666666664,56.638444444444445
2017-12-26 12:00-13:00,23622.5,49.95181818181818,72.56431818181818,78.34772727272727,434.0,-69.77272727272727,44.86363636363637,61.97727272727273,52.29090909090909
2017-12-26 13:00-14:00,23667.0,42.888222222222225,60.716,64.82577777777777,29.333333333333332,-70.08888888888889,44.08888888888889,61.977777777777774,47.50555555555555
2017-12-26 14:00-15:00,23712.0,35.8,49.79044444444445,52.92333333333333,89.33333333333333,-69.91111111111111,43.111111111111114,62.8,42.25711111111111
2017-12-26 15:00-16:00,23757.0,39.358,55.99,59.83222222222222,149.33333333333334,-68.95555555555555,43.17777777777778,62.37777777777778,45.32111111111111
2017-12-26 16:00-17:00,23802.0,41.458,59.54888888888889,63.568444444444445,209.33333333333334,-70.2,45.08888888888889,64.2,46.766444444444446
2017-12-26 17:00-18:00,23847.0,24.009555555555554,33.42,35.449777777777776,269.3333333333333,-71.08888888888889,51.68888888888889,60.266666666666666,30.208222222222222
2017-12-26 18:00-19:00,23892.0,23.57488888888889,32.836222222222226,34.75066666666667,329.3333333333333,-72.57777777777778,57.71111111111111,50.355555555555554,31.186666666666667
2017-12-26 19:00-20:00,23936.5,29.713636363636365,41.49340909090909,43.738409090909094,388.90909090909093,-70.88636363636364,61.63636363636363,44.84090909090909,36.51659090909091
2017-12-26 20:00-21:00,23981.0,26.577555555555556,36.531333333333336,38.30911111111111,449.3333333333333,-73.04444444444445,64.31111111111112,41.0,33.596444444444444
2017-12-26 21:00-22:00,24026.0,26.573333333333334,36.65311111111111,38.583777777777776,509.3333333333333,-71.8,64.37777777777778,40.955555555555556,33.70666666666666
2017-12-26 22:00-23:00,24071.0,28.668,40.102666666666664,42.29266666666667,569.3333333333334,-69.28888888888889,64.95555555555555,40.82222222222222,35.72844444444444
2017-12-26 23:00-00:00,24116.0,29.883333333333333,42.17133333333333,44.59866666666667,629.3333333333334,-68.64444444444445,64.88888888888889,40.0,36.91755555555556
2017-12-27 00:00-01:00,24161.0,31.458444444444446,43.55177777777778,45.654666666666664,689.3333333333334,-69.53333333333333,62.08888888888889,43.111111111111114,37.718666666666664
2017-12-27 01:00-02:00,24206.0,46.827777777777776,67.77755555555555,73.37933333333334,749.3333333333334,-69.84444444444445,63.77777777777778,42.111111111111114,48.51266666666667
2017-12-27 02:00-03:00,24251.0,54.937777777777775,77.80755555555555,83.718,809.3333333333334,-70.11111111111111,71.0,32.0,53.10444444444445
2017-12-27 03:00-04:00,24296.0,68.54422222222222,94.06533333333333,99.47444444444444,869.3333333333334,-69.68888888888888,71.0,32.0,62.05533333333334
2017-12-27 04:00-05:00,24341.0,63.348,86.14,91.10777777777778,929.3333333333334,-70.88888888888889,71.0,32.0,56.81422222222222
2017-12-27 05:00-06:00,24386.0,58.976444444444446,81.75133333333333,86.334,989.3333333333334,-71.62222222222222,71.0,32.0,54.62444444444444
2017-12-27 06:00-07:00,24431.0,71.83822222222223,103.10622222222221,110.90488888888889,1049.3333333333333,-72.33333333333333,71.0,32.0,67.94155555555555
2017-12-27 07:00-08:00,24476.0,44.41533333333333,63.316,67.84511111111111,1109.3333333333333,-72.4,71.0,32.0,46.86244444444444
2017-12-27 08:00-09:00,24521.0,30.705555555555556,42.12,44.91266666666667,1169.3333333333333,-71.64444444444445,71.0,32.0,37.00333333333333
2017-12-27 09:00-10:00,24566.0,20.874,28.687555555555555,30.592,1229.3333333333333,-72.15555555555555,71.0,32.0,28.240444444444446
2017-12-27 10:00-11:00,24611.0,17.328,23.641555555555556,25.214444444444446,1289.3333333333333,-71.93333333333334,71.0,32.0,23.628444444444444
2017-12-27 11:00-12:00,24656.0,15.384,21.29911111111111,22.924666666666667,1349.3333333333333,-71.84444444444445,71.0,32.0,21.29911111111111
2017-12-27 12:00-13:00,24701.0,12.021333333333333,16.159333333333333,17.314666666666668,1409.3333333333333,-72.86666666666666,71.0,32.0,16.159333333333333
2017-12-27 13:00-14:00,24746.0,10.940222222222221,14.997777777777777,16.153333333333332,1469.3333333333333,-71.97777777777777,71.0,32.0,14.997777777777777
2017-12-27 14:00-15:00,24791.0,13.244,18.41888888888889,19.985777777777777,1529.3333333333333,-71.6,71.0,32.0,18.412
2017-12-27 15:00-16:00,24836.0,9.349333333333334,12.801777777777778,13.850666666666667,1589.3333333333333,-71.8,71.0,32.0,12.539777777777777
2017-12-27 16:00-17:00,24881.0,14.849777777777778,22.104222222222223,24.255111111111113,1649.3333333333333,-70.73333333333333,71.0,32.0,20.60311111111111
2017-12-27 17:00-18:00,24926.0,6.114888888888889,7.934666666666667,8.481777777777777,1709.3333333333333,-71.24444444444444,71.0,32.0,7.934666666666667
2017-12-27 18:00-19:00,24971.0,7.4975555555555555,9.675777777777778,10.11111111111111,1769.3333333333333,-70.46666666666667,71.0,32.0,9.675777777777778
2017-12-27 19:00-20:00,25016.0,9.783333333333333,12.616666666666667,13.245333333333333,1829.3333333333333,-70.44444444444444,71.0,32.0,12.616666666666667
2017-12-27 20:00-21:00,25061.0,5.584,7.090222222222223,7.495555555555556,1889.3333333333333,-70.62222222222222,71.0,32.0,7.090222222222223
2017-12-27 21:00-22:00,25106.0,6.17,7.592666666666666,7.916888888888889,1949.3333333333333,-70.71111111111111,71.0,32.0,7.592666666666666
2017-12-27 22:00-23:00,25151.0,8.014,10.215555555555556,10.734444444444444,2009.3333333333333,-68.97777777777777,71.0,32.0,10.215555555555556
2017-12-27 23:00-00:00,25196.0,8.757111111111112,11.187111111111111,11.779777777777777,2069.3333333333335,-70.24444444444444,71.0,32.0,11.187111111111111
2017-12-28 00:00-01:00,25241.0,9.63,12.40311111111111,13.061111111111112,2129.3333333333335,-71.53333333333333,71.0,32.0,12.40311111111111
2017-12-28 01:00-02:00,25286.0,22.42377777777778,30.30022222222222,32.16222222222222,2189.3333333333335,-70.75555555555556,71.0,32.0,26.209555555555557
2017-12-28 02:00-03:00,25331.0,29.79111111111111,39.623333333333335,41.986,2249.3333333333335,-70.33333333333333,71.0,32.0,34.940444444444445
2017-12-28 03:00-04:00,25376.0,38.45488888888889,52.13,55.47377777777778,2309.3333333333335,-69.5111111111111,71.0,32.0,41.868
2017-12-28 04:00-05:00,25421.0,54.902,74.55533333333334,79.12533333333333,2369.3333333333335,-70.17777777777778,71.0,32.0,51.25622222222222
2017-12-28 05:00-06:00,25466.0,44.30311111111111,60.376888888888885,64.036,2429.3333333333335,-68.28888888888889,71.0,32.0,45.705777777777776
2017-12-28 06:00-07:00,25511.0,41.19444444444444,56.79488888888889,60.66488888888889,2489.3333333333335,-67.97777777777777,71.0,32.0,43.98444444444444
2017-12-28 07:00-08:00,25556.0,31.39288888888889,43.40511111111111,46.638222222222225,2549.3333333333335,-67.71111111111111,71.0,32.0,37.77711111111111
2017-12-28 08:00-09:00,25601.0,32.92755555555556,47.80422222222222,52.30111111111111,2609.3333333333335,-68.4888888888889,71.0,32.0,40.05533333333334
2017-12-28 09:00-10:00,25645.5,29.96727272727273,46.712954545454544,52.31522727272727,2668.7045454545455,-68.18181818181819,71.0,32.0,38.61363636363637
2017-12-28 10:00-11:00,25690.0,17.61,24.861333333333334,26.946,2729.3333333333335,-67.75555555555556,71.0,32.0,24.588444444444445
2017-12-28 11:00-12:00,25735.0,12.166,17.080666666666666,18.827111111111112,2789.3333333333335,-67.42222222222222,71.0,32.0,17.080666666666666
2017-12-28 12:00-13:00,25780.0,9.817777777777778,13.571333333333333,14.745333333333333,2849.3333333333335,-68.97777777777777,71.0,32.0,13.571333333333333
2017-12-28 13:00-14:00,25825.0,11.158444444444445,15.148,16.319555555555556,2909.3333333333335,-68.93333333333334,71.0,32.0,15.148
2017-12-28 14:00-15:00,25870.0,11.158,14.881777777777778,15.953555555555555,2969.3333333333335,-69.53333333333333,71.0,32.0,14.881777777777778
2017-12-28 15:00-16:00,25915.0,11.470444444444444,15.786888888888889,17.065555555555555,3029.3333333333335,-68.84444444444445,71.0,32.0,15.786888888888889
2017-12-28 16:00-17:00,25960.0,9.642888888888889,12.95288888888889,13.850222222222222,3089.3333333333335,-67.68888888888888,71.0,32.0,12.95288888888889
2017-12-28 17:00-18:00,26005.0,10.986888888888888,14.539333333333333,15.504444444444445,3149.3333333333335,-66.91111111111111,71.0,32.0,14.539333333333333
2017-12-28 18:00-19:00,26048.0,9.560243902439025,12.595365853658537,13.340731707317072,3209.560975609756,-66.78048780487805,71.0,32.0,12.595365853658537
2017-12-28 19:00-20:00,26091.0,11.145555555555555,14.866888888888889,15.716888888888889,3269.3333333333335,-66.91111111111111,71.0,32.0,14.866888888888889
2017-12-28 20:00-21:00,26136.0,9.684888888888889,12.65688888888889,13.334,3329.3333333333335,-65.44444444444444,71.0,32.0,12.65688888888889
2017-12-28 21:00-22:00,26181.0,9.817555555555556,12.678666666666667,13.258888888888889,3389.3333333333335,-66.04444444444445,71.0,32.0,12.678666666666667
2017-12-28 22:00-23:00,26226.0,10.33688888888889,13.326,13.995111111111111,3449.3333333333335,-67.22222222222223,71.0,32.0,13.326
2017-12-28 23:00-00:00,26271.0,11.23,14.766222222222222,15.548222222222222,3509.3333333333335,-67.15555555555555,71.0,32.0,14.766222222222222
2017-12-29 00:00-01:00,26316.0,25.648444444444443,36.62155555555555,39.71666666666667,3569.3333333333335,-68.17777777777778,71.0,32.0,28.811555555555554
2017-12-29 01:00-02:00,26361.0,37.91888888888889,51.23177777777778,54.17933333333333,3629.3333333333335,-68.6,71.0,32.0,40.52444444444444
2017-12-29 02:00-03:00,26406.0,49.69288888888889,65.812,69.10022222222223,3689.3333333333335,-68.64444444444445,71.0,32.0,47.908
2017-12-29 03:00-04:00,26451.0,95.84222222222222,139.80666666666667,153.0851111111111,3749.3333333333335,-66.4,71.0,32.0,93.11733333333333
2017-12-29 04:00-05:00,26496.0,101.07755555555556,143.33044444444445,154.2842222222222,3809.3333333333335,-65.08888888888889,71.0,32.0,94.7268888888889
2017-12-29 05:00-06:00,26541.0,50.419333333333334,69.91466666666666,74.57822222222222,3869.3333333333335,-65.2,71.0,32.0,50.812666666666665
2017-12-29 06:00-07:00,26586.0,33.80488888888889,46.76422222222222,50.15288888888889,3929.3333333333335,-65.4,71.0,32.0,39.85377777777778
2017-12-29 07:00-08:00,26628.0,37.68615384615384,52.73128205128205,56.467948717948715,3991.4615384615386,-65.92307692307692,71.0,32.0,42.73153846153846
2017-12-29 08:00-09:00,26670.0,42.300666666666665,60.36822222222222,65.06866666666667,4049.3333333333335,-65.44444444444444,71.0,32.0,46.56
2017-12-29 09:00-10:00,26711.5,31.48657894736842,44.56421052631579,48.144473684210524,4108.789473684211,-65.36842105263158,71.0,32.0,38.92026315789474
2017-12-29 10:00-11:00,26751.0,27.46951219512195,39.25195121951219,42.36560975609756,4170.4390243902435,-65.07317073170732,71.0,32.0,36.09341463414634
2017-12-29 11:00-12:00,26793.0,22.23,31.074418604651164,33.25604651162791,4230.302325581395,-64.86046511627907,71.0,32.0,30.33860465116279
2017-12-29 12:00-13:00,26837.0,17.978444444444445,24.79288888888889,26.784444444444443,4289.333333333333,-65.22222222222223,71.0,32.0,24.779777777777777
2017-12-29 13:00-14:00,26882.0,14.785333333333334,20.909777777777776,22.29422222222222,4349.333333333333,-65.13333333333334,71.0,32.0,20.779555555555554
2017-12-29 14:00-15:00,26927.0,13.391555555555556,18.694444444444443,20.11711111111111,4409.333333333333,-65.68888888888888,71.0,32.0,18.168222222222223
2017-12-29 15:00-16:00,26971.5,18.369318181818183,26.179318181818182,28.249772727272727,4469.295454545455,-64.97727272727273,71.0,32.0,25.568636363636365
2017-12-29 16:00-17:00,27016.0,8.632444444444445,12.100888888888889,13.179777777777778,4529.333333333333,-64.84444444444445,71.0,32.0,12.100888888888889
2017-12-29 17:00-18:00,27061.0,6.384888888888889,8.630888888888888,9.238666666666667,4589.333333333333,-65.17777777777778,71.0,32.0,8.630888888888888
2017-12-29 18:00-19:00,27106.0,8.183777777777777,10.776222222222222,11.424888888888889,4649.333333333333,-66.97777777777777,71.0,32.0,10.776222222222222
2017-12-29 19:00-20:00,27150.5,6.1925,8.289772727272727,8.806136363636364,4708.909090909091,-66.22727272727273,71.0,32.0,8.289772727272727
2017-12-29 20:00-21:00,27195.0,12.030666666666667,16.11422222222222,16.968222222222224,4769.333333333333,-66.02222222222223,71.0,32.0,15.693555555555555
2017-12-29 21:00-22:00,27240.0,7.016666666666667,9.180444444444444,9.693333333333333,4829.333333333333,-65.71111111111111,71.0,32.0,9.180444444444444
2017-12-29 22:00-23:00,27285.0,11.719333333333333,15.184444444444445,15.812222222222223,4889.333333333333,-66.2,71.0,32.0,15.044
2017-12-29 23:00-00:00,27330.0,17.212666666666667,23.288,24.583777777777776,4949.333333333333,-66.28888888888889,71.0,32.0,22.88288888888889
2017-12-30 00:00-01:00,27375.0,18.977333333333334,25.983333333333334,27.756888888888888,5009.333333333333,-67.4,71.0,32.0,25.00911111111111
2017-12-30 01:00-02:00,27420.0,46.06,66.72911111111111,72.62822222222222,5069.333333333333,-66.57777777777778,71.0,32.0,49.80266666666667
2017-12-30 02:00-03:00,27465.0,45.88355555555555,65.2491111111111,70.34733333333334,5129.333333333333,-67.64444444444445,71.0,32.0,48.519333333333336
2017-12-30 03:00-04:00,27510.0,62.586,94.52622222222222,105.38088888888889,5189.333333333333,-67.44444444444444,71.0,32.0,65.73822222222222
2017-12-30 04:00-05:00,27555.0,68.26733333333333,94.51666666666667,100.554,5249.333333333333,-68.4888888888889,71.0,32.0,63.40888888888889
2017-12-30 05:00-06:00,27599.5,45.318636363636365,62.39863636363636,66.3625,5309.909090909091,-68.79545454545455,71.0,32.0,46.82477272727273
2017-12-30 06:00-07:00,27644.0,37.711555555555556,52.495333333333335,55.95133333333333,5369.333333333333,-68.64444444444445,71.0,32.0,42.403999999999996
2017-12-30 07:00-08:00,27689.0,49.90311111111111,70.192,75.35466666666667,5429.333333333333,-69.28888888888889,71.0,32.0,50.57577777777778
2017-12-30 08:00-09:00,27734.0,44.60711111111111,64.844,70.25111111111111,5489.333333333333,-68.93333333333334,71.0,32.0,48.254666666666665
2017-12-30 09:00-10:00,27779.0,36.882222222222225,52.64533333333333,57.10755555555556,5549.333333333333,-68.62222222222222,71.0,32.0,42.315555555555555
2017-12-30 10:00-11:00,27824.0,24.27422222222222,33.998888888888885,36.522888888888886,5609.333333333333,-68.6,71.0,32.0,32.367555555555555
2017-12-30 11:00-12:00,27869.0,21.709555555555557,30.16888888888889,32.678222222222225,5669.333333333333,-68.37777777777778,71.0,32.0,29.677333333333333
2017-12-30 12:00-13:00,27914.0,14.091333333333333,19.752222222222223,21.36311111111111,5729.333333333333,-68.22222222222223,71.0,32.0,19.752222222222223
2017-12-30 13:00-14:00,27959.0,9.166,14.008444444444445,16.124,5789.333333333333,-67.77777777777777,71.0,32.0,12.950222222222223
2017-12-30 14:00-15:00,28004.0,10.710444444444445,15.914666666666667,17.747777777777777,5849.333333333333,-68.84444444444445,71.0,32.0,15.070222222222222
2017-12-30 15:00-16:00,28048.5,9.349545454545455,13.436363636363636,14.59,5909.886363636364,-69.29545454545455,71.0,32.0,13.436363636363636
2017-12-30 16:00-17:00,28093.0,12.628666666666666,17.75111111111111,19.32888888888889,5969.333333333333,-70.66666666666667,71.0,32.0,17.75111111111111
2017-12-30 17:00-18:00,28138.0,12.543555555555555,17.169777777777778,18.540444444444443,6029.333333333333,-70.77777777777777,71.0,32.0,16.91488888888889
2017-12-30 18:00-19:00,28183.0,6.993111111111111,9.236222222222223,9.69888888888889,6089.333333333333,-70.2,71.0,32.0,9.227555555555556
2017-12-30 19:00-20:00,28228.0,5.8822222222222225,7.870222222222222,8.320666666666666,6149.333333333333,-70.97777777777777,71.0,32.0,7.870222222222222
2017-12-30 20:00-21:00,28273.0,4.8004444444444445,6.198666666666667,6.5553333333333335,6209.333333333333,-70.8,71.0,32.0,6.198666666666667
2017-12-30 21:00-22:00,28318.0,6.605333333333333,9.838888888888889,11.010222222222222,6269.333333333333,-69.33333333333333,71.0,32.0,9.792222222222222
2017-12-30 22:00-23:00,28363.0,5.609555555555556,7.2395555555555555,7.668888888888889,6329.333333333333,-69.04444444444445,71.0,32.0,7.2395555555555555
2017-12-30 23:00-00:00,28408.0,12.838666666666667,17.564666666666668,18.933333333333334,6389.333333333333,-68.4,71.0,32.0,17.180888888888887
2017-12-31 00:00-01:00,28453.0,16.122222222222224,22.80088888888889,24.711555555555556,6449.333333333333,-68.53333333333333,71.0,32.0,22.005777777777777
2017-12-31 01:00-02:00,28498.0,62.102222222222224,90.40422222222222,98.14822222222223,6509.333333333333,-68.71111111111111,71.0,32.0,61.85955555555555
2017-12-31 02:00-03:00,28543.0,56.74,77.17333333333333,82.33311111111111,6569.333333333333,-69.22222222222223,71.0,32.0,54.236444444444444
2017-12-31 03:00-04:00,28588.0,56.160444444444444,78.90577777777777,84.99133333333333,6629.333333333333,-69.68888888888888,71.0,32.0,54.76777777777778
2017-12-31 04:00-05:00,28633.0,46.955777777777776,64.17133333333334,68.33244444444445,6689.333333333333,-68.95555555555555,71.0,32.0,47.48088888888889
2017-12-31 05:00-06:00,28678.0,60.09688888888889,83.10111111111111,89.29222222222222,6749.333333333333,-68.82222222222222,71.0,32.0,56.452
2017-12-31 06:00-07:00,28723.0,68.352,96.61244444444445,104.48866666666666,6809.333333333333,-69.22222222222223,71.0,32.0,64.05288888888889
2017-12-31 07:00-08:00,28768.0,68.45844444444444,98.94955555555556,107.59311111111111,6869.333333333333,-69.42222222222222,71.0,32.0,65.416
2017-12-31 08:00-09:00,28813.0,52.75311111111111,75.49466666666666,81.47133333333333,6929.333333333333,-70.28888888888889,71.0,32.0,53.88911111111111
2017-12-31 09:00-10:00,28857.5,45.338181818181816,65.035,70.52772727272728,2388.2045454545455,-70.70454545454545,55.70454545454545,51.75,48.7275
2017-12-31 10:00-11:00,28902.0,30.494222222222223,42.57288888888889,45.855111111111114,68.0,-70.42222222222222,48.08888888888889,61.333333333333336,37.284
2017-12-31 11:00-12:00,28947.0,24.241333333333333,34.79511111111111,37.788444444444444,128.0,-70.84444444444445,48.15555555555556,61.8,32.480666666666664
2017-12-31 12:00-13:00,28992.0,9.936444444444444,13.690666666666667,14.802888888888889,188.0,-70.66666666666667,48.28888888888889,59.266666666666666,13.690666666666667
2017-12-31 13:00-14:00,29037.0,11.751777777777777,17.641111111111112,19.82,248.0,-70.2,47.977777777777774,57.577777777777776,17.641111111111112
2017-12-31 14:00-15:00,29082.0,16.221555555555554,22.655555555555555,24.506444444444444,308.0,-69.95555555555555,47.0,57.577777777777776,22.541777777777778
2017-12-31 15:00-16:00,29127.0,12.800444444444445,18.077111111111112,19.59111111111111,368.0,-69.93333333333334,47.0,56.111111111111114,18.077111111111112
2017-12-31 16:00-17:00,29171.5,26.231590909090908,36.60431818181818,39.37318181818182,427.52272727272725,-69.25,47.22727272727273,55.63636363636363,31.692272727272726
2017-12-31 17:00-18:00,29216.0,24.564444444444444,33.38355555555555,35.48488888888889,488.0,-68.15555555555555,52.6,50.577777777777776,30.86288888888889
2017-12-31 18:00-19:00,29261.0,13.238444444444445,17.644666666666666,18.760444444444445,548.0,-69.64444444444445,59.6,37.6,17.634
2017-12-31 19:00-20:00,29306.0,5.827111111111111,7.783333333333333,8.25911111111111,87.71111111111111,-70.2,64.31111111111112,36.62222222222222,7.783333333333333
2017-12-31 20:00-21:00,29351.0,5.268222222222223,6.960888888888889,7.419777777777778,82.66666666666667,-70.26666666666667,68.24444444444444,28.711111111111112,6.960888888888889
2017-12-31 21:00-22:00,29396.0,8.002666666666666,10.229333333333333,10.681777777777778,142.66666666666666,-70.4,68.06666666666666,32.31111111111111,10.229333333333333
2017-12-31 22:00-23:00,29441.0,5.964,7.887111111111111,8.347111111111111,202.66666666666666,-70.93333333333334,68.0,30.4,7.887111111111111
2017-12-31 23:00-00:00,29486.0,11.397333333333334,15.181111111111111,16.074,57.733333333333334,-70.15555555555555,65.82222222222222,34.044444444444444,14.970666666666666
