created_in,entry_id,PM1.0_CF_ATM_ug/m3,PM2_5_CF_ATM_ug_m3,PM10.0_CF_ATM_ug/m3,UptimeMinutes,RSSI_dbm,Temperature_F,Humidity_,PM2.5_CF_1_ug/m3
2017-12-01 00:00-01:00,57489.5,8.632703704,10.37637037,11.12007407,2236.833333,-61.57777778,66.28518519,49.43333333,10.37637037
2017-12-01 01:00-02:00,57534.5,10.62362963,13.12185185,14.15085185,2296.833333,-62.05185185,64.19259259,52.32222222,13.12185185
2017-12-01 02:00-03:00,57579.5,14.14922222,17.90025926,19.22614815,2356.833333,-62.22962963,62.0962963,55.14074074,17.83877778
2017-12-01 03:00-04:00,57624.41667,23.3103165,30.04398653,32.19108754,2416.888889,-61.96616162,60.74486532,56.37777778,28.40248401
2017-12-01 04:00-05:00,56057.85714,25.76890347,33.10157357,35.76541742,2126.810811,-61.203861,59.42951523,56.65679966,31.20636722
2017-12-01 05:00-06:00,56102.28571,27.03622222,34.6275873,37.39333333,2141.95873,-61.17460317,58.64444444,57.58412698,32.02098413
2017-12-01 06:00-07:00,56147.35714,29.35947412,38.43819324,42.11725604,2111.966184,-60.8805383,57.96266391,58.17060041,33.86429745
2017-12-01 07:00-08:00,56192.35714,29.37763636,38.67226263,42.24504618,2022.311688,-59.95541126,57.49819625,57.88571429,34.51316522
2017-12-01 08:00-09:00,56237.35714,27.42631056,35.25110973,38.11863975,2009.809524,-60.14817115,56.55555556,57.97715666,32.32857005
2017-12-01 09:00-10:00,56282.42857,24.5395873,31.2832381,33.77374603,2024.730159,-60.07619048,56.18095238,57.94920635,29.87701587
2017-12-01 10:00-11:00,56327.42857,23.38926984,29.71495238,32.17698413,2075.809524,-60.27301587,55.8,57.82857143,28.47784127
2017-12-01 11:00-12:00,56372.35714,23.76959957,29.98747186,32.22487374,2120.6829,-61.18614719,55.2984127,58.20411255,29.23233694
2017-12-01 12:00-13:00,56417.28571,23.52187302,29.61469841,32.00815873,2148.380952,-61.17777778,55.05079365,58.03174603,28.84853968
2017-12-01 13:00-14:00,56462.28571,21.9624127,27.34990476,29.51025397,2208.380952,-61.33333333,55.11111111,57.12380952,26.86866667
2017-12-01 14:00-15:00,56507.21429,20.23594733,25.32174242,27.48805556,2244.146032,-61.23809524,54.77359307,56.93845599,25.12374675
2017-12-01 15:00-16:00,56552.14286,20.30003175,25.28384127,27.32419048,2194.285714,-60.93333333,54.8952381,57.18095238,24.98003175
2017-12-01 16:00-17:00,56597.21429,21.68029193,27.12695445,29.29451346,2253.252933,-61.0136646,56.33216011,57.24741201,26.4420352
2017-12-01 17:00-18:00,58254.33333,19.7907037,24.61055556,26.48192593,2674.277778,-62.51481481,60.07407407,54.57777778,24.19925926
2017-12-01 18:00-19:00,56680.28571,22.52875247,28.46789361,30.62494208,2348.010296,-65.10982411,62.90622051,52.38695839,27.05599914
2017-12-01 19:00-20:00,56724.64286,22.77170418,29.13924964,31.17216739,2407.80303,-64.89877345,65.30252525,49.33860029,27.57484704
2017-12-01 20:00-21:00,56769.57143,22.71225397,29.15425397,31.20380952,2339.266667,-65.2952381,67.42539683,46.5047619,27.90336508
2017-12-01 21:00-22:00,56814.57143,20.40485714,26.03311111,27.66949206,2332.107937,-62.65396825,68.52380952,44.36507937,25.28898413
2017-12-01 22:00-23:00,56859.57143,19.4591746,24.81860317,26.29260317,2385.593651,-62.61269841,68.57460317,43.74920635,23.84457143
2017-12-01 23:00-00:00,56904.57143,20.16761905,25.93990476,27.44549206,2445.666667,-62.27301587,68.2952381,44.21587302,23.97463492
2017-12-02 00:00-01:00,56949.57143,20.06257143,25.95019048,27.53936508,2505.666667,-62.31111111,66.14285714,48.31111111,23.05314286
2017-12-02 01:00-02:00,56994.64286,29.28945687,37.82933402,40.40211111,2465.554865,-61.93505866,63.06673568,53.22167012,32.13164044
2017-12-02 02:00-03:00,57039.64286,38.87812987,51.75395527,55.98769841,2487.208081,-62.45916306,61.5047619,55.77893218,41.22698196
2017-12-02 03:00-04:00,57084.57143,55.99053968,76.33406349,83.4507619,2478.165079,-62,60.52380952,56.61587302,56.35422222
2017-12-02 04:00-05:00,57129.42857,47.89545599,63.82968543,69.36084271,2354.974098,-61.9008658,59.38766234,57.5452381,49.45274098
2017-12-02 05:00-06:00,57174.21429,44.63068038,58.24403608,62.9466912,2339.609885,-61.61471861,58.48102453,58.07943723,46.0378153
2017-12-02 06:00-07:00,57219.14286,42.61571429,55.46174603,60.0855873,2392.453968,-61.82857143,57.73650794,58.01587302,44.52860317
2017-12-02 07:00-08:00,57264.14286,38.37428571,49.71996825,54.06136508,2425.571429,-62.13015873,57.16507937,57.58412698,41.8531746
2017-12-02 08:00-09:00,57309.14286,36.3371746,46.70942857,50.50057143,2476.8,-61.64126984,56.41587302,57.71428571,40.44314286
2017-12-02 09:00-10:00,57354.14286,35.53288889,45.50787302,49.36660317,2534.904762,-61.94603175,55.93015873,57.43174603,39.69688889
2017-12-02 10:00-11:00,57399.14286,34.84885714,44.77450794,48.57295238,2555.285714,-62.16507937,55.33333333,57.07619048,39.35514286
2017-12-02 11:00-12:00,57444.14286,32.89828571,42.03130159,45.59180952,2576.968254,-61.51428571,55.04761905,56.5968254,37.60549206
2017-12-02 12:00-13:00,57489.14286,31.81225397,40.61603175,43.88231746,2616.238095,-61.77142857,55,56.32380952,36.76879365
2017-12-02 13:00-14:00,57534.07143,28.13006638,35.86331169,38.73891414,2676.198052,-61.58614719,55.16147186,55.88506494,33.13188095
2017-12-02 14:00-15:00,57578.92857,26.29105556,33.20769986,35.85557792,2736.203463,-61.12352092,54.96825397,55.88066378,31.10381097
2017-12-02 15:00-16:00,57623.85714,23.84431746,29.89930159,32.16304762,2796.238095,-61.07619048,54.94285714,55.5047619,28.72793651
2017-12-02 16:00-17:00,57668.78571,22.37358009,27.98671356,30.08800794,2825.665584,-61.25021645,56.9468254,54.67020202,26.60966595
2017-12-02 17:00-18:00,57713.64286,25.00689827,31.79829798,34.28334488,2738.947475,-61.40909091,59.92943723,54.1007215,29.34885281
2017-12-02 18:00-19:00,57758.21429,27.29744306,35.22826108,38.02670282,2743.622371,-61.51101555,62.83116738,51.73864203,31.78812486
2017-12-02 19:00-20:00,57802.21429,24.5924375,31.37636857,33.45807887,1319.864092,-62.27877649,65.34293309,48.37170958,28.765195
2017-12-02 20:00-21:00,57846.57143,22.09590476,27.9187619,29.62888889,758.3365079,-62.41269841,67.32380952,46.31111111,26.53530159
2017-12-02 21:00-22:00,57891.42857,21.95403247,27.8130671,29.56306926,808.4837662,-62.5492785,67.61825397,46.87092352,26.48030303
2017-12-02 22:00-23:00,57936.28571,28.12485714,36.50053968,39.07377778,868.3809524,-62.77460317,67.56825397,48.64761905,32.2944127
2017-12-02 23:00-00:00,57981.35714,27.98047412,36.55700276,39.33945756,773.405245,-62.97453416,67.50241546,49.59758454,32.56570669
2017-12-03 00:00-01:00,58026.42857,35.54025397,47.58873016,52.05406349,748.4698413,-62.40952381,65.44761905,53.06031746,37.74968254
2017-12-03 01:00-02:00,58071.42857,41.63260317,57.04892063,63.16438095,761.4634921,-62.26349206,63.66984127,55.57142857,42.68260317
2017-12-03 02:00-03:00,58116.07143,47.19915519,65.28882068,72.33829828,770.7445096,-62.19685707,62.98616654,56.7197656,46.75816401
2017-12-03 03:00-04:00,58159.42857,47.50868316,65.70481231,72.47792156,755.5632035,-61.99133168,62.38537415,57.37272727,48.03786467
2017-12-03 04:00-05:00,58202.07143,48.60746032,66.96130159,73.58539683,731.2571429,-61.23015873,62.5015873,57.03174603,48.99914286
2017-12-03 05:00-06:00,58245.78571,47.04480612,66.18572158,72.81909479,781.4410299,-61.25551361,63.05382395,55.66488137,48.40138031
2017-12-03 06:00-07:00,58290.57143,47.93571429,68.31146032,75.95311111,822.4761905,-61.46349206,63.3015873,55.33968254,49.12022222
2017-12-03 07:00-08:00,58335.57143,54.17209524,79.54073016,89.98111111,813.2730159,-61.6,62.66349206,57.6031746,54.63669841
2017-12-03 08:00-09:00,58380.5,53.47617172,79.06195671,89.80079004,779.5281385,-62.57604618,62.45396825,57.06031746,53.94379365
2017-12-03 09:00-10:00,58425.35714,41.25333694,60.87821861,69.29743362,834.0162338,-62.16457431,60.88470418,60.66883117,45.54928427
2017-12-03 10:00-11:00,58470.28571,30.90396825,45.70152381,52.25593651,876.2857143,-62.26031746,59.80952381,63.41587302,38.62457143
2017-12-03 11:00-12:00,58515.28571,26.19942857,39.64225397,46.54771429,902.2412698,-62.45396825,59.4031746,64.11746032,34.83996825
2017-12-03 12:00-13:00,58560.28571,21.24177778,34.45161905,43.92368254,923.3333333,-62.40952381,58.62539683,64.02857143,30.47771429
2017-12-03 13:00-14:00,58605.21429,13.48721068,19.67578499,22.21501154,975.0313853,-62.12171717,57.03095238,61.63939394,19.30391198
2017-12-03 14:00-15:00,58650.21429,7.553757074,11.13837267,12.58464458,923.905176,-61.78592133,55.99013112,59.60013803,11.12415045
2017-12-03 15:00-16:00,58695.28571,6.242126984,9.17231746,10.34142857,944.8698413,-61.65079365,55.06666667,58.95555556,9.17231746
2017-12-03 16:00-17:00,58740.28571,4.738920635,6.549333333,7.349650794,965.6190476,-61.58730159,55.75873016,60.0952381,6.549333333
2017-12-03 17:00-18:00,58785.28571,1.224571429,1.812444444,2.107809524,997.9396825,-61.9968254,58.46349206,57.8031746,1.812444444
2017-12-03 18:00-19:00,58830.28571,0.718571429,1.11831746,1.385301587,1050.47619,-62.92698413,60.45079365,52.62539683,1.11831746
2017-12-03 19:00-20:00,58875.28571,1.608380952,2.343968254,2.693301587,1103.714286,-62.66031746,61.91746032,48.84126984,2.331746032
2017-12-03 20:00-21:00,58920.28571,1.044952381,1.456507937,1.700253968,1163.714286,-63.24444444,63.58412698,44.54285714,1.456507937
2017-12-03 21:00-22:00,58965.21429,1.092282828,1.535883117,1.757924964,1150.424603,-63.07813853,64.53066378,39.76507937,1.535883117
2017-12-03 22:00-23:00,59010.14286,0.922349206,1.286,1.482380952,1146.8,-62.7047619,64.11111111,38.4031746,1.286
2017-12-03 23:00-00:00,59055.14286,0.680603175,0.999015873,1.154634921,1198.565079,-62.51428571,63.31111111,38.11746032,0.999015873
2017-12-04 00:00-01:00,59099.85714,0.958278197,1.363117638,1.582879274,893.5151515,-62.28525286,62.25930065,39.27384476,1.363117638
2017-12-04 01:00-02:00,59144.5,2.521927128,3.341647908,3.775571429,340.004329,-61.86154401,60.06356421,42.51320346,3.341647908
2017-12-04 02:00-03:00,59189.21429,4.056528345,5.291755102,5.926369615,320.6802721,-61.98049887,58.79229025,45.03628118,5.291755102
2017-12-04 03:00-04:00,59233.92857,11.64563131,17.1741746,19.18209452,380.6017316,-61.59675325,58.43268398,46.51435786,13.84938095
2017-12-04 04:00-05:00,59278.85714,8.796380952,12.32774603,13.71784127,440.5714286,-61.51111111,57.80634921,47.76190476,11.45815873
2017-12-04 05:00-06:00,59323.85714,9.158603175,12.30501587,13.56768254,480.6253968,-61.78095238,57.16825397,47.85079365,11.37126984
2017-12-04 06:00-07:00,59368.85714,6.478507937,8.496412698,9.42231746,497.0571429,-61.72380952,56.46984127,44.95873016,8.268952381
2017-12-04 07:00-08:00,59413.85714,4.042380952,5.410793651,6.100793651,524,-61.69206349,55.58412698,43.12698413,5.382825397
2017-12-04 08:00-09:00,59458.78571,1.983727994,2.675466089,3.086085859,531.6309524,-61.58023088,54.88253968,40.96435786,2.675466089
2017-12-04 09:00-10:00,59503.71429,0.965492063,1.42152381,1.711015873,578.0952381,-61.13968254,53.84444444,41.38412698,1.42152381
2017-12-04 10:00-11:00,59548.71429,0.773111111,1.143206349,1.357174603,557.5015873,-61.14603175,53,42.46031746,1.143206349
2017-12-04 11:00-12:00,59593.78571,0.498012422,0.790254658,0.968311939,566.7619048,-61.07908903,52.11608006,42.66680469,0.790254658
2017-12-04 12:00-13:00,59638.85714,0.338253968,0.582603175,0.709111111,601.1809524,-60.80634921,50.95555556,44.01904762,0.582603175
2017-12-04 13:00-14:00,59683.78571,0.372227994,0.581437951,0.691018759,651.8647186,-60.91565657,50.72698413,43.70634921,0.581437951
2017-12-04 14:00-15:00,59728.64286,0.825364358,1.226152958,1.403167388,705.29329,-61.03383838,51.22554113,41.91111111,1.226152958
2017-12-04 15:00-16:00,52310.5625,1.895652465,2.623343175,3.056982257,642.6623896,-59.15417531,54.10494682,41.17124235,2.623343175
2017-12-04 16:00-17:00,52354.625,1.659277778,2.296722222,2.591833333,676.3055556,-59.69166667,55.88055556,38.44722222,2.014083333
2017-12-04 17:00-18:00,52399.5625,9.732897096,13.05265278,13.9002702,713.9543561,-62.5719697,58.14286616,34.4280303,9.355263889
2017-12-04 18:00-19:00,52444.375,2.304506944,3.022582702,3.304291667,764.5378788,-62.90151515,61.20839646,32.45334596,3.000193813
2017-12-04 19:00-20:00,52489.25,0.90375,1.222666667,1.361388889,820.375,-62.66666667,63.29722222,30.48888889,1.222666667
2017-12-04 20:00-21:00,52534.3125,2.513530797,3.322219203,3.649399155,876.9039855,-62.86775362,65.97578502,27.16980676,3.075274758
2017-12-04 21:00-22:00,52578.4375,1.659324373,2.002488433,2.167601723,921.2623106,-62.9068528,68.79204138,22.06684588,1.947599544
2017-12-04 22:00-23:00,44091.71429,0.539238095,0.698349206,0.787777778,613.9936508,-61.05396825,69.58095238,21.44761905,0.698349206
2017-12-04 23:00-00:00,44136.71429,0.464,0.563968254,0.643873016,651.4126984,-61.24761905,69.19365079,21.98412698,0.563968254
2017-12-05 00:00-01:00,44181.71429,0.420952381,0.590761905,0.708,706.6666667,-61.19047619,66.0984127,27.21269841,0.590761905
2017-12-05 01:00-02:00,44226.71429,1.202135799,1.606559885,1.798895727,696.9645618,-61.29808332,63.43341176,30.76555618,1.591621996
2017-12-05 02:00-03:00,44271.71429,2.188285714,2.841587302,3.151396825,705.9047619,-62.4031746,61.82539683,32.26349206,2.789619048
2017-12-05 03:00-04:00,52819,5.757688034,7.515025641,8.225,673.375,-64.14636752,60.23888889,34.99700855,7.327025641
2017-12-05 04:00-05:00,52863.5,9.211455426,12.36249677,14.11657494,732.7994186,-64.06466408,59.05749354,35.4377261,12.01008915
2017-12-05 05:00-06:00,52908.375,10.29847222,13.60161111,14.94927778,792.75,-64.25,57.95833333,35.68055556,12.68283333
2017-12-05 06:00-07:00,52953.125,8.790979592,12.05792132,13.31880115,852.4376982,-63.92027837,57.04027778,36.53699495,10.87613385
2017-12-05 07:00-08:00,52995,7.481155726,10.46778437,11.66067855,912.0701376,-63.5268885,56.11670394,37.19645003,9.656644664
2017-12-05 08:00-09:00,53034.4375,9.3142759,13.05146588,14.53975803,949.98984,-63.13390716,55.58025305,37.19219882,12.17678532
2017-12-05 09:00-10:00,53076.6875,5.347378788,7.22161553,8.024250631,812.1714015,-63.07342172,54.78585859,38.46111111,7.217226641
2017-12-05 10:00-11:00,53121.625,4.386027778,6.096777778,6.908111111,850.875,-62.51666667,54.39444444,37.78888889,6.095277778
2017-12-05 11:00-12:00,53166.625,3.171888889,4.532,5.18375,910.875,-62.41944444,54.30833333,37.5,4.507833333
2017-12-05 12:00-13:00,53211.625,5.916583333,10.51944444,12.83858333,970.875,-62.79166667,54.89444444,36.00833333,8.216333333
2017-12-05 13:00-14:00,53256.5625,2.09428851,3.050675505,3.524888258,1014.273674,-62.94734848,54.85460859,35.73869949,3.008397727
2017-12-05 14:00-15:00,53301.5625,2.809620773,4.00352657,4.440597222,882.5563406,-63.8553744,52.2053744,37.65821256,3.611804348
2017-12-05 15:00-16:00,53346.6875,4.328088768,6.096338768,6.804126208,815.3768116,-63.91745169,51.21316425,39.5763285,5.762755435
2017-12-05 16:00-17:00,47462.83333,3.309681257,4.520209315,5.107577441,770.3779461,-63.77946128,52.70538721,37.35600449,4.407369809
2017-12-05 17:00-18:00,47505.44444,2.279382716,2.973679012,3.370814815,819.4469136,-63.82469136,55.74074074,34.49135802,2.973679012
2017-12-05 18:00-19:00,47550.33333,2.843876543,3.625328165,4.051628481,870.8751077,-63.83629055,59.16152742,33.13333333,3.625328165
2017-12-05 19:00-20:00,47594.88889,4.417231557,5.59684598,6.216356437,847.0548794,-59.49726397,62.57292163,32.04063261,5.59684598
2017-12-05 20:00-21:00,47177.125,4.167277778,5.236611111,5.760138889,736.875,-63.09166667,65.31388889,30.51666667,5.236611111
2017-12-05 21:00-22:00,47677.11111,4.852241302,6.20907688,6.849124018,706.5069585,-62.02250281,66.94775533,29.35044893,6.20907688
2017-12-05 22:00-23:00,47719.66667,5.012296296,6.459679012,7.124567901,730.6888889,-62.64691358,67.72592593,29.34567901,6.459679012
2017-12-05 23:00-00:00,47764.55556,6.515799024,8.410141832,9.283576802,787.6347976,-62.13677864,67.35498134,30.29830606,8.351697387
2017-12-06 00:00-01:00,47809.27778,9.443302665,12.05765985,13.26508602,832.3023256,-62.24364445,64.87638138,34.08713361,11.99153584
2017-12-06 01:00-02:00,47854.05556,23.8021156,35.43363805,42.27976094,849.8518519,-62.82732884,61.33395062,39.12575758,28.91415657
2017-12-06 02:00-03:00,47899,36.0085679,50.89804938,57.05340741,876.962963,-62.86666667,59.63703704,42.27901235,39.53528395
2017-12-06 03:00-04:00,47944,46.66874074,63.82074074,69.88392593,929.9851852,-62.68888889,58.76790123,43.58024691,48.01930864
2017-12-06 04:00-05:00,47988.88889,28.24320643,36.84414987,39.91718633,988.622739,-62.77289693,57.96049383,44.82853862,32.31956819
2017-12-06 05:00-06:00,48033.66667,24.00255499,31.29150337,33.80807407,1032.387205,-62.14854097,56.92474747,46.28428732,28.67179517
2017-12-06 06:00-07:00,48078.27778,24.86394645,32.33268096,35.06387306,1071.125989,-62.57506851,56.16190719,47.00241302,29.40341425
2017-12-06 07:00-08:00,48122.88889,25.38772447,33.07931818,35.93058642,1092.491582,-63.37087542,55.67435466,47.52188552,30.78735129
2017-12-06 08:00-09:00,48167.77778,24.14441975,31.30128395,34.00461728,951.382716,-65.0617284,55.30123457,47.92839506,29.31101235
2017-12-06 09:00-10:00,48212.72222,23.08104489,30.30224972,33.08684343,938.5850168,-64.76885522,54.64399551,48.73569024,28.35469416
2017-12-06 10:00-11:00,48257.61111,19.62895511,25.42760662,27.79376207,991.3616162,-64.91750842,54.29494949,48.69618406,24.57839731
2017-12-06 11:00-12:00,48302.55556,17.55064198,22.79197531,24.88841975,1050.185185,-64.92592593,54.00493827,48.19259259,22.16488889
2017-12-06 12:00-13:00,48347.44444,16.00314614,20.78308757,22.68845191,1011.001952,-64.92517944,53.5654321,48.15308642,19.8825478
2017-12-06 13:00-14:00,48392.33333,15.30439506,19.84212346,21.57308642,1034.451852,-64.95555556,53.31851852,48.11851852,19.05281481
2017-12-06 14:00-15:00,48437.22222,15.79582888,20.51840655,22.34530864,1094.360896,-64.8846971,52.97283951,48.40740741,19.83961872
2017-12-06 15:00-16:00,48482.11111,18.13812346,24.95,27.76195062,1137.740741,-64.34814815,53.11111111,48.40740741,22.49244444
2017-12-06 16:00-17:00,48527.11111,15.37597531,19.90298765,21.71844444,1164.555556,-64.39259259,54.70123457,47.38024691,18.82832099
2017-12-06 17:00-18:00,48572.05556,11.93655892,15.43817789,16.86293996,1224.529237,-64.68613917,58.04276094,43.95011223,14.8381532
2017-12-06 18:00-19:00,48616.88889,11.48336779,14.97774275,16.38221418,1284.666667,-65.16181453,61.25007178,39.84461671,14.62868102
2017-12-06 19:00-20:00,48661.33333,12.70999944,16.92655668,18.69187149,1113.656538,-65.21565657,63.8437991,36.68066779,16.71845118
2017-12-06 20:00-21:00,48705.83333,13.28649102,17.9450881,20.02577217,1079.74119,-65.24304153,66.16885522,34.31038159,17.59370539
2017-12-06 21:00-22:00,48750.11111,16.10279686,22.20504826,25.14965657,1109.781145,-65.05274972,67.61750842,33.34276094,21.73149719
2017-12-06 22:00-23:00,48794.44444,15.17980247,21.37730864,24.42093827,1079.365432,-63.38765432,68.8962963,32.58271605,21.32276543
2017-12-06 23:00-00:00,48839.38889,14.1732991,20.03615264,23.12760999,1032.78743,-64.00415264,69.06560045,32.64438833,20.03472054
2017-12-07 00:00-01:00,48884.27778,16.32974186,22.43312233,25.62791919,1085.132155,-63.09971942,66.27626263,36.57530864,22.32146801
2017-12-07 01:00-02:00,48929.22222,24.55397531,33.99851852,38.53251852,1128.597531,-63.2345679,62.7037037,40.87407407,30.30392593
2017-12-07 02:00-03:00,48974.16667,37.98771549,52.4055174,58.79781089,1182.537879,-62.68569024,60.72777778,43.4691358,42.13650224
2017-12-07 03:00-04:00,49017.94444,35.03068519,48.4670679,54.74801852,1241.037037,-62.69506173,59.41666667,44.81851852,41.00437346
2017-12-07 04:00-05:00,49059.77778,37.69580445,52.38215363,59.41383426,1281.957795,-52.61148435,57.96933678,46.4298541,43.01803278
2017-12-07 05:00-06:00,49102.66667,38.27945909,52.98786276,59.3709888,1337.555556,-52.56296296,57.52081539,46.71622165,43.26211657
2017-12-07 06:00-07:00,49147.38889,37.78108995,51.91857319,58.04846737,1393.10582,-52.20740741,56.93880071,46.96719577,41.57208818
2017-12-07 07:00-08:00,49192.22222,32.47701235,43.71158025,48.31792593,1446.888889,-52.09135802,56.24938272,47.17283951,36.97637037
2017-12-07 08:00-09:00,49237.22222,31.61034568,42.57859259,47.07071605,1506.903704,-52.02716049,55.48888889,47.80246914,36.30293827
2017-12-07 09:00-10:00,49282.22222,26.55017284,35.74204938,39.54049383,1522.679012,-52.45432099,54.61481481,48.40740741,32.38340741
2017-12-07 10:00-11:00,49327.16667,23.72870988,32.2188092,36.31840685,1560.490741,-52.1687991,53.79826038,48.2,29.56064703
2017-12-07 11:00-12:00,49371.88889,21.89325183,29.56474164,33.19684945,1612.18867,-51.88022864,53.84646465,48.2523569,27.44588433
2017-12-07 12:00-13:00,49416.66667,18.03083951,24.308,27.0817284,1661.930864,-52.15555556,54.02222222,47.57037037,22.61264198
2017-12-07 13:00-14:00,49460.55556,15.09956474,20.14757183,22.43898938,1700.080582,-52.3672696,53.85185185,46.32510288,18.33570045
2017-12-07 14:00-15:00,49503.05556,13.46496914,18.07656173,19.98989506,1730.405556,-52.82777778,54.1037037,44.18580247,16.31587037
2017-12-07 15:00-16:00,49546.55556,14.89935802,20.00349832,22.16556117,1561.033726,-62.417789,54.0691358,44.68815937,18.12280752
2017-12-07 16:00-17:00,49591.33333,14.87373345,19.52569136,21.26054658,1421.359428,-62.23597082,55.42368126,43.98597082,18.02267396
2017-12-07 17:00-18:00,49636.22222,12.4682963,16.44985185,18.20375309,1404.407407,-61.99012346,58.7308642,41.64938272,14.90720988
2017-12-07 18:00-19:00,49681.16667,9.972954545,13.38981818,14.84352525,1257.811223,-62.35022447,62.34287318,36.07407407,12.08691414
2017-12-07 19:00-20:00,49726,9.286950056,12.66817565,14.23279125,1194.224411,-62.81178451,65.26122334,33.08552189,11.8442615
2017-12-07 20:00-21:00,49770.83333,7.721166667,10.58307239,11.9492615,1225.813524,-62.90819304,67.78843996,31.31795735,10.3611532
2017-12-07 21:00-22:00,49815.66667,6.965086981,9.569871493,10.89742985,1272.185185,-62.99848485,69.7634119,30.22654321,9.560785073
2017-12-07 22:00-23:00,49860.55556,6.634197531,9.185135802,10.58004938,1332.111111,-63.25185185,70.53580247,29.33333333,9.185135802
2017-12-07 23:00-00:00,49905.55556,7.314296296,9.71982716,10.86849383,1375.832099,-63.11358025,70.88641975,28.74320988,9.688864198
2017-12-08 00:00-01:00,49950.44444,8.913390572,11.84524467,13.07045623,1401.267621,-62.89062851,67.49298541,33.1979798,11.42746689
2017-12-08 01:00-02:00,49995.33333,12.6662963,16.55814815,18.12950617,1427.698765,-62.51604938,63.36296296,39.08888889,16.06160494
2017-12-08 02:00-03:00,50040.38889,17.15455072,22.82501503,24.97225443,1453.309823,-62.65512614,61.08013956,42.33730542,21.18296565
2017-12-08 03:00-04:00,50085.44444,17.79548148,23.22192593,25.23911111,1511.222222,-62.71851852,59.90617284,43.55555556,21.68350617
2017-12-08 04:00-05:00,50128.22222,40.84239506,57.49592593,64.88195062,1568.259259,-62.67654321,59.7037037,44.31111111,43.93503704
2017-12-08 05:00-06:00,49735.8125,24.83871086,33.14471275,36.42154167,1755.275568,-62.75113636,59.28554293,45.24463384,29.27972664
2017-12-08 06:00-07:00,49780.6875,22.75766288,30.2381673,33.0248024,1765.067235,-63.55056818,58.18516414,46.12121212,27.47887879
2017-12-08 07:00-08:00,49825.5625,22.5031452,30.80946212,34.02120265,1727.434659,-63.01950758,57.22777778,47.22948232,27.49385101
2017-12-08 08:00-09:00,50288.16667,22.69859776,30.43466494,35.72469767,1541.425495,-62.71937984,56.40757967,47.70017227,27.58039334
2017-12-08 09:00-10:00,50328.5,20.08718519,27.40350617,30.4532716,1595.37037,-52.96296296,56.30123457,47.7345679,25.96781481
2017-12-08 10:00-11:00,50371.22222,19.30710824,26.28097674,29.40895492,1652.489233,-53.03950617,56.09543497,47.42383003,25.22804651
2017-12-08 11:00-12:00,50414.94444,16.42705864,22.13430864,24.73933025,1711.115741,-53.22222222,56.04969136,47.21265432,21.53492593
2017-12-08 12:00-13:00,50456.33333,14.77474074,19.89612346,21.89298765,1714.530864,-62.46666667,55.99753086,46.71851852,19.31967901
2017-12-08 13:00-14:00,50496.77778,15.03144268,20.54491358,23.1134709,1658.126984,-52.72592593,56.03738977,45.97777778,19.94807055
2017-12-08 14:00-15:00,50538.22222,13.85811379,18.6709372,20.938146,1693.549329,-60.72077295,55.60740741,46.3,18.14372732
2017-12-08 15:00-16:00,50581.77778,14.20291358,19.25395062,21.60024691,1703.296296,-63.11111111,55.43950617,46.35802469,18.47051852
2017-12-08 16:00-17:00,50626.77778,14.09106173,18.97520988,21.27960494,1761.953086,-63.65432099,56.67407407,45.12345679,17.92567901
2017-12-08 17:00-18:00,50671.77778,14.42925926,19.4822716,21.58516049,1762.851852,-63.35802469,59.39506173,42.85679012,18.25002469
2017-12-08 18:00-19:00,50716.72222,14.76278844,20.46403816,23.25758249,1758.777778,-63.31739618,62.75684624,39.02407407,19.64818911
2017-12-08 19:00-20:00,50761.61111,16.52106902,23.3509248,26.78259596,1765.433502,-63.7959596,65.23647587,36.57076319,22.65983838
2017-12-08 20:00-21:00,50806.44444,18.05116274,26.14809315,30.55108305,1782.595006,-63.87687991,67.54444444,34.87716049,25.04000505
2017-12-08 21:00-22:00,50851.16667,17.14607127,24.96854602,29.29177778,1809.613636,-63.4859147,68.77817059,33.9818743,23.71530864
2017-12-08 22:00-23:00,50895.88889,16.29695398,23.57642593,27.3628844,1842.145398,-63.2305275,69.42794613,33.79786756,22.77920258
2017-12-08 23:00-00:00,50940.66667,16.18663107,23.31794717,27.02490439,1873.132644,-63.45030146,68.77197818,34.81314958,22.64149297
2017-12-09 00:00-01:00,50985.33333,18.35856338,26.27458286,30.39886596,1811.524341,-64.23306447,66.78267344,38.23477214,25.50798769
2017-12-09 01:00-02:00,51030.05556,26.52070483,37.28196689,42.40885241,1838.287262,-63.75050505,63.31661055,43.1369248,32.86217228
2017-12-09 02:00-03:00,51075,41.43096296,59.98567901,68.93644444,1891.888889,-63.53580247,61.10617284,46.04444444,47.83765432
2017-12-09 03:00-04:00,51119.94444,36.87376824,51.23992256,57.7706734,1894.076038,-63.82295174,59.72429854,47.87901235,42.39081369
2017-12-09 04:00-05:00,51164.83333,35.00741751,47.87230808,53.41604433,1869.044444,-63.41604938,58.80533109,48.81459035,39.69791246
2017-12-09 05:00-06:00,51209.77778,38.73464198,52.90555556,58.95587654,1881.469136,-63.20493827,58.10123457,48.87654321,41.6742716
2017-12-09 06:00-07:00,51254.72222,38.95661504,52.28081257,57.66751403,1925.685746,-63.05072952,57.05432099,49.71088664,42.38924411
2017-12-09 07:00-08:00,51299.66667,34.54150617,46.33807407,50.96318519,1965.518519,-63.39259259,56.75061728,49.80987654,38.12646914
2017-12-09 08:00-09:00,51344.61111,33.28823288,44.73131257,49.11746914,2002.016835,-63.58316498,56.31111111,49.66419753,36.68375253
2017-12-09 09:00-10:00,51389.55556,29.71792593,39.86283951,43.78753086,2056.185185,-63.43950617,55.8691358,49.31358025,33.50145679
2017-12-09 10:00-11:00,51434.5,24.60409484,32.9395073,36.25142144,2116.231481,-63.17373737,55.60920314,49.08395062,28.30513917
2017-12-09 11:00-12:00,51479.27778,21.85434568,29.28271252,32.26675838,2119.871958,-63.07848325,55.01728395,48.79753086,24.66023986
2017-12-09 12:00-13:00,51524.11111,19.52498765,26.29528395,28.95182716,2094.217284,-63.2345679,54.37037037,48.7382716,22.68896296
2017-12-09 13:00-14:00,51569.05556,14.92339282,19.92802245,21.89040853,2128.714646,-63.16290685,54.1382716,48.28395062,18.16492312
2017-12-09 14:00-15:00,51613.94444,13.27204602,17.76582323,19.31291751,2176.204545,-63.43647587,53.99859708,47.74203143,16.16777385
2017-12-09 15:00-16:00,51658.88889,13.06903704,17.47674074,19.14222222,2231.444444,-63.22962963,54.21234568,47.04444444,16.00422222
2017-12-09 16:00-17:00,51703.88889,14.24308642,19.14876543,20.94355556,2258.762963,-62.75555556,55.97283951,46.10864198,17.094
2017-12-09 17:00-18:00,51748.83333,18.04450673,25.45869473,28.16778563,2267.502525,-62.8962963,59.14214366,44.85375982,21.50346016
2017-12-09 18:00-19:00,51793.38889,16.37421777,23.00143052,25.36409001,1426.897739,-63.17604077,61.94019523,40.82245909,20.12060939
2017-12-09 19:00-20:00,51837.94444,14.16353984,19.28648148,21.065656,1218.444444,-63.73176207,64.59489338,37.95387205,17.99183951
2017-12-09 20:00-21:00,51882.83333,13.8278386,18.63643993,20.44213346,1157.055556,-63.85545064,66.81865271,35.92545747,17.78034117
2017-12-09 21:00-22:00,51927.61111,12.57428956,16.76865544,18.38460269,1197.088384,-63.79292929,68.15606061,34.83619529,16.3387211
2017-12-09 22:00-23:00,51972.5,10.46801449,13.69556683,14.93512507,1256.568438,-64.075416,69.4164788,34.52410091,13.62376436
2017-12-09 23:00-00:00,52017.5,9.639800224,12.51706622,13.56322334,1297.177609,-63.32547699,69.21728395,34.99046016,12.49688945
2017-12-10 00:00-01:00,52062.44444,14.22861728,19.41219753,21.24903704,1357.222222,-63.51111111,66.55061728,39.76790123,17.61837037
2017-12-10 01:00-02:00,52107.44444,17.85980247,24.12644444,26.30138272,1417.222222,-63.75061728,62.31851852,44.99506173,21.88251852
2017-12-10 02:00-03:00,52152.27778,21.60149776,28.29565544,30.62585915,1455.384063,-63.86874299,59.55342312,48.16790123,25.91569809
2017-12-10 03:00-04:00,52197.16667,31.78963661,42.6064643,46.41367633,1311.351047,-63.28174987,57.91900161,50.04138486,36.36149329
2017-12-10 04:00-05:00,52242.16667,34.5896358,45.70490909,49.66347531,1365.946128,-63.11762065,56.9805275,51.4630752,37.05132155
2017-12-10 05:00-06:00,52287.05556,36.01544837,47.46697924,51.30114534,1411.980191,-62.99180696,56.16588103,51.68602694,37.45940741
2017-12-10 06:00-07:00,52331.94444,34.27610887,44.89403872,48.47831033,1394.898148,-63.22716049,55.48843996,51.78883277,36.81833502
2017-12-10 07:00-08:00,52376.88889,34.38676543,45.39839506,49.29296296,1454.851852,-63.39259259,56.97283951,49.11111111,37.20111111
2017-12-10 08:00-09:00,52421.88889,31.39308642,41.47535802,45.08145679,1514.851852,-63.30617284,56.19012346,49.6691358,34.72851852
2017-12-10 09:00-10:00,52466.88889,27.58125926,36.92582716,40.33938272,1537.451852,-63.0617284,55.78024691,49.68888889,30.83266667
2017-12-10 10:00-11:00,52511.88889,23.85590123,32.12664198,35.276,1550.703704,-62.8691358,55.31358025,49.68888889,27.30261728
2017-12-10 11:00-12:00,52556.88889,20.11237037,26.77390123,29.33266667,1610.708642,-61.51604938,54.90617284,49.24444444,23.72088889
2017-12-10 12:00-13:00,52601.88889,15.19925926,19.90703704,21.71249383,1662.234568,-61.57037037,54.85925926,47.81234568,18.47609877
2017-12-10 13:00-14:00,52646.88889,12.21481481,15.97995062,17.37162963,1710.592593,-61.81728395,54.54074074,47.25432099,14.63649383
2017-12-10 14:00-15:00,52691.83333,11.43456229,15.03088047,16.47199102,1620.896689,-61.79489338,53.81363636,48.00824916,13.62167059
2017-12-10 15:00-16:00,52736.77778,11.97698765,15.73602469,17.11622222,1506.111111,-61.89876543,53.42469136,48.95061728,14.25916049
2017-12-10 16:00-17:00,52781.77778,11.94022222,15.5911358,16.96918519,1458.955556,-62.44197531,54.46419753,49.42962963,14.23125926
2017-12-10 17:00-18:00,52826.72222,13.43823737,17.59277329,19.16079405,1413,-62.62514029,57.09135802,49.45667789,15.84459764
2017-12-10 18:00-19:00,52871.72222,12.67116103,16.75945196,18.28233119,1399.992593,-63.23590982,61.43778851,44.48776167,15.57191519
2017-12-10 19:00-20:00,52916.77778,11.44190123,15.05192593,16.36439506,1430.407407,-63.57037037,64.52098765,40.77530864,14.21481481
2017-12-10 20:00-21:00,52961.77778,13.85953086,17.99706173,19.45955556,1490.407407,-63.94814815,66.48641975,38.58024691,17.02780247
2017-12-10 21:00-22:00,53006.72222,11.46951571,15.01793996,16.24016779,1544.450449,-63.74971942,68.73821549,36.17121212,14.86035971
2017-12-10 22:00-23:00,53051.66667,9.56637037,12.36474074,13.38493827,1552.597531,-63.24444444,70.14567901,34.19506173,12.34617284
2017-12-10 23:00-00:00,53096.55556,9.735060006,12.41316853,13.31531438,1548.488544,-62.60798163,70.29279357,34.2696526,12.38724261
2017-12-11 00:00-01:00,53141.33333,11.79458341,15.6396348,16.96805053,1575.032271,-62.66035027,66.99873672,39.15348837,14.69353603
2017-12-11 01:00-02:00,53186.16667,16.65533109,21.23084624,22.77612233,1617,-62.87132435,61.7617284,45.58024691,19.55635241
2017-12-11 02:00-03:00,53231.22222,21.16821471,26.96327322,28.86685132,1670.478315,-62.4037037,59.33853999,48.640365,24.42116908
2017-12-11 03:00-04:00,53274,24.43901235,31.87177553,34.65338159,1707.281987,-62.20578002,58.59012346,49.4969697,28.54021773
2017-12-11 04:00-05:00,52924.5,29.51238889,38.18736111,41.46847222,1952.555556,-63.23888889,58.48888889,49.38611111,32.21277778
2017-12-11 05:00-06:00,52969.5,30.08552778,39.10352778,42.44075,1896.897222,-63.14722222,55.03055556,52.38611111,32.67577778
2017-12-11 06:00-07:00,53014.5625,33.52742814,44.66569263,48.55447222,1874.92029,-63.03321256,53.78780193,52.63049517,36.09491486
2017-12-11 07:00-08:00,53059.5,30.88474495,40.96558838,44.32777462,1923.466856,-62.82878788,53.27108586,52.53011364,33.3116553
2017-12-11 08:00-09:00,53104.125,26.76103604,35.59769119,38.68597676,1983.440077,-62.70290991,52.80709713,52.04819268,29.46593803
2017-12-11 09:00-10:00,53148.75,20.78835164,27.57084848,30.06274242,2043.386364,-62.60366162,53.95688131,49.52386364,24.2682096
2017-12-11 10:00-11:00,53193.5,16.86992298,22.14744949,24.11443371,2103.383523,-62.4520202,55.18933081,46.50618687,19.61586616
2017-12-11 11:00-12:00,53238.25,14.06332702,18.45120328,20.01648864,2163.378788,-62.46527778,54.6219697,45.6802399,16.09292551
2017-12-11 12:00-13:00,53283.125,12.26128302,16.11630923,17.53461226,2041.276721,-62.46236001,53.62248024,46.61570597,13.79900368
2017-12-11 13:00-14:00,53328.0625,10.92157008,14.12798043,15.30726263,2042.52399,-62.29229798,51.67683081,48.11363636,12.2211471
2017-12-11 14:00-15:00,53372.8125,10.25486806,13.30585038,14.47551957,2029.389205,-62.17449495,49.71856061,49.61035354,11.69789583
2017-12-11 15:00-16:00,53417.5625,11.54303409,15.26868371,16.66919634,2053.958649,-62.23863636,49.86944444,48.87878788,13.17595391
2017-12-11 16:00-17:00,53462.4375,14.61249874,18.99875821,20.44074432,2007.568371,-62.22784091,54.72234848,46.63964646,16.27531376
2017-12-11 17:00-18:00,53507.3125,12.9164798,16.88567487,18.26565025,2047.659028,-62.92765152,58.44747475,45.61376263,15.00775694
2017-12-11 18:00-19:00,53552.0625,9.655949466,12.46206861,13.4663346,2087.589786,-63.24199994,61.71727302,40.66951785,11.60739829
2017-12-11 19:00-20:00,53596.6875,8.126666667,10.47602778,11.352375,2098.658532,-63.13472222,63.95119048,36.86507937,9.91668254
2017-12-11 20:00-21:00,53641.5,5.589972222,7.236861111,7.83225,2111.872222,-63.40277778,66.38611111,34.68055556,7.228333333
2017-12-11 21:00-22:00,53686.375,4.439118217,5.667127907,6.176490956,2171.979651,-63.59321705,68.22093023,32.86944444,5.667127907
2017-12-11 22:00-23:00,53731.25,4.659333333,5.953833333,6.510861111,2231.875,-63.88333333,68.97222222,32.53333333,5.953833333
2017-12-11 23:00-00:00,53776.1875,4.101894571,5.201618687,5.725392677,2291.94697,-64.37588384,67.92039141,33.99715909,5.201618687
2017-12-12 00:00-01:00,53821.00272,5.952631944,7.594566974,8.248445021,2351.866313,-64.53767567,65.0346536,38.80374396,7.527178085
2017-12-12 01:00-02:00,53866,12.233,16.17980556,17.6245,2405.208333,-64.03888889,61.88611111,43.03333333,15.34827778
2017-12-12 02:00-03:00,54192.33333,22.6356249,30.36388411,32.732933,2126.36144,-65.92964915,60.35565803,44.37829015,25.75425448
2017-12-12 03:00-04:00,54236.11111,20.43409877,26.87538272,29.12634568,2154.703704,-65.92345679,59.01728395,45.79506173,24.80804938
2017-12-12 04:00-05:00,54281.11111,17.07708642,22.0902963,23.9774321,2202.204938,-65.15802469,58.07407407,46.34814815,20.98508642
2017-12-12 05:00-06:00,54326,18.72417228,24.37205219,26.44093659,2191.361111,-63.46498316,57.46099888,46.78686869,22.66871044
2017-12-12 06:00-07:00,54370.77778,20.61250898,27.37142536,29.83621998,2251.177609,-63.5872615,56.75286195,47.44455668,24.28817845
2017-12-12 07:00-08:00,54415.61111,19.94756846,26.82917228,29.28035578,2280.243715,-63.20173962,55.88395062,48.20987654,23.94740685
2017-12-12 08:00-09:00,54460.55556,16.67269136,21.97612346,24.07288889,2336.444444,-63.40246914,55.11358025,48.86666667,20.79585185
2017-12-12 09:00-10:00,54505.5,13.29832211,17.4264927,19.12502525,2373.988777,-63.40578002,54.77087542,48.60331089,17.018789
2017-12-12 10:00-11:00,54550.38889,12.17382716,16.03526712,17.53219641,2383.096801,-63.17469136,54.47811448,48.37317621,15.60163749
2017-12-12 11:00-12:00,54595.38889,12.89254911,17.34200376,19.14425067,2403.737842,-63.09516908,53.8962963,48.175416,16.39363339
2017-12-12 12:00-13:00,54640.44444,11.8911358,15.96765432,17.7045679,2441.333333,-63.38765432,53.63950617,47.49876543,15.46930864
2017-12-12 13:00-14:00,54685.38889,8.863184063,11.68602806,12.92972166,2501.371212,-63.19753086,53.39259259,47.04983165,11.68274411
2017-12-12 14:00-15:00,54730.33333,8.110246914,10.62846914,11.6974321,2561.333333,-63.34320988,53.32839506,46.50864198,10.62846914
2017-12-12 15:00-16:00,54775.33333,9.760123457,12.78953086,14.01160494,2621.333333,-62.9037037,53.00740741,46.60740741,12.54819753
2017-12-12 16:00-17:00,54820.33333,13.43982716,18.02681481,19.80669136,2681.333333,-62.99506173,54.08395062,46.81481481,16.4057284
2017-12-12 17:00-18:00,54865.27778,10.33126207,13.23998934,14.43976655,2730.861111,-63.23872054,57.57182941,45.50645342,13.04907127
2017-12-12 18:00-19:00,54910.22222,10.61111111,13.68869136,14.89335802,2744,-62.89876543,60.71604938,41.90123457,13.29953086
2017-12-12 19:00-20:00,54955.11111,9.898217172,12.92831369,14.13954545,2803.978956,-63.167789,63.56032548,38.31391695,12.61197531
2017-12-12 20:00-21:00,54999.88889,8.732143659,11.38695174,12.42889226,2844.712682,-63.82171717,66.28176207,35.20634119,11.33537149
2017-12-12 21:00-22:00,55044.55556,7.014489012,9.188128246,10.04908384,2866.115751,-63.84460105,68.22867173,32.93345079,9.188128246
2017-12-12 22:00-23:00,55089.27778,6.172159371,8.038589787,8.912885522,2925.933333,-64.15213244,69.36526375,31.84309764,8.038589787
2017-12-12 23:00-00:00,55134.16667,6.090563973,7.931594837,8.613480359,2985.938552,-64.34472503,69.17356902,31.71094276,7.793742985
2017-12-13 00:00-01:00,55179.11111,6.372320988,8.281037037,9.022987654,3046,-64.33580247,66.49876543,35.05432099,8.232049383
2017-12-13 01:00-02:00,55224.11111,11.86607407,15.37582716,16.63476543,3015.545679,-64.13580247,61.91604938,40.58271605,14.63898765
2017-12-13 02:00-03:00,55268.72222,25.59318389,38.15446654,43.31248668,3067.852827,-64.17881741,59.57225471,43.91325536,30.69118259
2017-12-13 03:00-04:00,55313.27778,35.80596521,52.17203535,58.4307037,3120.888047,-53.29876543,58.07356902,46.22530864,41.26892424
2017-12-13 04:00-05:00,55358.22222,21.26464198,28.06883951,30.59207407,3180.814815,-53.12839506,56.87160494,47.05185185,26.48883951
2017-12-13 05:00-06:00,55403.16667,22.75393547,29.7214422,32.24868462,3240.772727,-53.14971942,56.42121212,47.34197531,27.48319529
2017-12-13 06:00-07:00,55447.83333,32.89253483,44.07378265,48.13320306,3266.548619,-53.14548908,55.79373219,47.88656427,35.9770666
2017-12-13 07:00-08:00,55491.88889,26.32986317,34.6656859,37.69767991,3194.522333,-53.1467126,55.08455765,48.53397318,29.69680054
2017-12-13 08:00-09:00,55536.05556,23.20815697,31.10376543,34.19816226,3189.552381,-53.23209877,54.38641975,49.38042328,27.32611111
2017-12-13 09:00-10:00,55580.88889,20.35064198,27.1642963,29.88308642,3212.703704,-52.7037037,54.04691358,49.80740741,25.06903704
2017-12-13 10:00-11:00,55625.72222,17.48957899,23.25022731,25.50742679,3272.889809,-52.39460235,53.88641975,50.07081408,22.46805204
2017-12-13 11:00-12:00,55670.27778,15.92624579,21.10951459,23.167211,3234.725421,-52.64517396,53.53333333,49.97861953,20.4798165
2017-12-13 12:00-13:00,55715,13.27929427,17.25017286,18.88267887,2767.880884,-52.64434929,53.2308642,49.5291807,17.01849834
2017-12-13 13:00-14:00,55759.88889,12.22045823,15.91888659,17.31472466,2701.128338,-52.58024691,52.98995119,49.21894918,15.88945449
2017-12-13 14:00-15:00,55803.11111,13.002,16.66723457,17.97098765,2758.940741,-52.4962963,52.85925926,48.09135802,16.08740741
2017-12-13 15:00-16:00,55845.88889,13.97095238,17.89622928,19.30248325,2757.134744,-52.68888889,53.0010582,46.90440917,17.13222928
2017-12-13 16:00-17:00,55890.16667,12.75594533,16.28723986,17.67933686,2793.453616,-53.15308642,54.0377425,46.41199295,16.1768448
2017-12-13 17:00-18:00,55934.94444,13.40561728,17.0506734,18.45587879,2827.874579,-55.32272727,56.99421998,45.16515152,16.85311785
2017-12-13 18:00-19:00,55979.88889,14.69138272,18.89135802,20.47279012,2887.925926,-63.98765432,60.40987654,42.16296296,18.46928395
2017-12-13 19:00-20:00,56024.88889,13.5185679,17.50439506,19.01306173,2947.925926,-63.60246914,63.40246914,38.65925926,17.10069136
2017-12-13 20:00-21:00,56069.77778,11.83512795,15.20160774,16.54286644,3008.004209,-63.41447811,65.35813692,36.95123457,15.16351964
2017-12-13 21:00-22:00,56114.61111,9.772130191,12.53815488,13.65745286,2997.188721,-62.97216611,67.17390572,35.55308642,12.5375376
2017-12-13 22:00-23:00,56159.55556,8.982419753,11.55330864,12.58395062,2907.925926,-63.71604938,68.0345679,34.74814815,11.45560494
2017-12-13 23:00-00:00,56204.5,7.901844557,10.22195511,11.17575421,2922.415825,-64.22783389,68.6526936,34.55982043,10.22195511
2017-12-14 00:00-01:00,56249.33333,9.018016078,11.72561929,12.8499845,2888.46615,-64.60206718,66.10020098,38.37037037,11.40176744
2017-12-14 01:00-02:00,56294.22222,16.08981884,21.8509615,23.89565237,2916.760174,-64.98927683,62.58194993,42.95095642,18.49348002
2017-12-14 02:00-03:00,56339.05556,19.03305996,25.24910406,27.61678483,2934.417989,-64.54973545,60.31940035,45.84761905,22.46115344
2017-12-14 03:00-04:00,56383.88889,23.3282716,30.76219753,33.45666667,2987.034568,-63.98271605,59.07407407,47.6962963,28.19017284
2017-12-14 04:00-05:00,56428.88889,25.5611358,34.97565432,38.65883951,3025.222222,-63.54320988,57.92592593,48.71851852,30.98908642
2017-12-14 05:00-06:00,56473.72222,27.66696356,36.87563587,40.38501674,3078.611384,-63.17708089,57.20170569,49.38188996,32.44220241
2017-12-14 06:00-07:00,56518.44444,28.85406661,38.01313465,41.31812633,3134.789836,-63.5991961,56.48400804,49.91800172,33.28938157
2017-12-14 07:00-08:00,56563.22222,25.62549641,33.97883549,37.06434109,3055.668562,-63.34338214,55.7308642,49.5382716,30.87997244
2017-12-14 08:00-09:00,56608.11111,23.59804938,31.45679012,34.44597531,3057.992593,-63.10617284,54.84197531,50.30617284,28.88548148
2017-12-14 09:00-10:00,56653.11111,24.09491358,32.65234568,35.86935802,3112.518519,-63.37777778,53.90617284,51.17037037,28.99037037
2017-12-14 10:00-11:00,56698.05556,21.73676936,29.0764826,31.99820988,3172.534512,-63.13574635,53.22469136,51.39315376,26.74787767
2017-12-14 11:00-12:00,56743,19.3294321,25.49385185,28.03160494,3196.775309,-63.4,52.83209877,51.56296296,24.30441975
2017-12-14 12:00-13:00,56788,18.60128395,24.61639506,27.08044444,3239.612346,-63.78271605,52.42469136,51.67160494,23.83674074
2017-12-14 13:00-14:00,56833,17.34911111,22.89138272,25.28525926,3291.007407,-63.91851852,52.1308642,51.96049383,22.62533333
2017-12-14 14:00-15:00,56878,18.58498765,25.09397531,27.71955556,3147.62963,-64.22469136,52.17037037,52.27160494,23.97219753
2017-12-14 15:00-16:00,56922.83333,18.82719248,25.18171493,27.75375645,3115.37037,-63.74545455,52.39657688,52.19511785,24.1903367
2017-12-14 16:00-17:00,56967.66667,20.15189089,27.12235856,29.89102572,3143.474345,-64.40517494,53.93130825,52.26415117,25.11356058
2017-12-14 17:00-18:00,57012.61111,18.38994837,24.93472278,27.61351066,3159.980247,-65.00707071,57.45774411,50.70796857,22.80661279
2017-12-14 18:00-19:00,57057.55556,18.9571358,26.2577284,29.28604938,3184.814815,-64.94074074,61.22469136,46.33333333,23.68676543
2017-12-14 19:00-20:00,57102.5,17.65840067,24.61871886,27.50222222,3241.17615,-64.72962963,64.57396184,42.07867565,21.55911336
2017-12-14 20:00-21:00,57147.16667,15.59539367,21.80638231,24.17146319,3228.23951,-64.34937861,67.05733973,39.34392355,19.18897375
2017-12-14 21:00-22:00,57191.72222,13.46367172,18.63941302,20.57057183,3259.027609,-63.92441077,69.00746352,36.99893378,17.58798765
2017-12-14 22:00-23:00,57236.5,14.56806173,20.11969136,22.20860325,3312.919585,-63.71773288,69.95516274,36.44382716,19.22172783
2017-12-14 23:00-00:00,57281.38889,13.68428676,18.77100281,20.67935634,3366.272727,-64.38411897,70.41621773,36.52345679,18.25287823
2017-12-15 00:00-01:00,57326.27778,16.20525421,22.11735466,24.17112738,3408.45073,-64.29994388,67.52800224,40.38159371,20.77473681
2017-12-15 01:00-02:00,57371,22.66318217,30.88220777,33.68959048,3438.832882,-64.44528756,63.81192412,44.93803071,26.98563987
2017-12-15 02:00-03:00,57415.66667,25.5876727,35.90733908,39.9359064,3412.858455,-64.54056848,61.55974734,47.69302326,30.94865518
2017-12-15 03:00-04:00,57460.5,27.85698653,37.95795006,41.71365769,3464.710438,-64.45578002,60.11234568,49.37289562,33.27113805
2017-12-15 04:00-05:00,57505.38889,30.93370651,42.3389826,46.52634568,3516.124074,-64.27104377,59.38316498,50.38574635,35.96060606
2017-12-15 05:00-06:00,57550.05556,30.02005435,40.88001579,45.06672159,3531.169128,-63.83841106,59.06373406,50.87906977,33.88858595
2017-12-15 06:00-07:00,57594.66667,27.3304743,36.95093999,40.4390824,3530.757967,-62.8762561,58.43364915,50.51995406,31.585118
2017-12-15 07:00-08:00,57639.61111,25.70802791,34.72568438,38.10014922,3577.884058,-62.50837359,57.51851852,50.86360709,30.28842512
2017-12-15 08:00-09:00,57684.72222,25.22110896,34.38682448,37.90150886,3512.038647,-62.27901235,56.7099839,51.27348363,30.00561084
2017-12-15 09:00-10:00,57729.77778,23.29345679,31.68874074,34.95948148,3555.007407,-62.5654321,56.22716049,51.48641975,28.09288889
2017-12-15 10:00-11:00,57774.77778,22.41641975,31.16967901,34.95187654,3613.407407,-62.4691358,55.7037037,50.9654321,26.66474074
2017-12-15 11:00-12:00,57818.83333,20.27541975,27.6285873,30.62458201,3670.932011,-62.42804233,55.2292769,50.80529101,23.69204409
2017-12-15 12:00-13:00,57592.75,19.15216667,25.97738889,28.67636111,4118.725,-62.49444444,54.55555556,50.99444444,22.00316667
2017-12-15 13:00-14:00,57902.83333,17.84071886,24.50220539,27.06926319,3717.77862,-52.24197531,54.51026936,50.59214366,20.69741526
2017-12-15 14:00-15:00,57947.72222,16.97498373,22.89250168,25.24638833,3777.18771,-52.45987654,54.64197531,50.00409652,19.59888496
2017-12-15 15:00-16:00,57992.5,17.19583446,23.31558137,25.84868967,3802.572391,-52.75982043,54.89259259,50.14034792,19.96598709
2017-12-15 16:00-17:00,58037.05556,21.44042912,29.04160327,31.8445291,3855.698399,-52.45484692,56.43728499,49.69238901,24.91128172
2017-12-15 17:00-18:00,58081.72222,19.89251796,27.24053255,30.24436195,3904.409933,-52.94248036,58.77037037,48.3184624,23.74158305
2017-12-15 18:00-19:00,58126.66667,17.63896296,24.40995062,27.14750617,3887.674074,-52.87407407,61.67654321,46.77037037,22.04896296
2017-12-15 19:00-20:00,58171.61111,16.42776038,22.21018575,24.47410943,3916.457912,-52.71397306,64.27250281,43.72239057,20.24848204
2017-12-15 20:00-21:00,58216.55556,14.94545679,20.32311111,22.35076543,3967.491358,-52.79506173,66.48148148,40.50617284,18.67353086
2017-12-15 21:00-22:00,58261.55556,17.40266667,23.86160494,26.25908642,3901.111111,-52.97777778,67.60493827,39.49135802,22.25962963
2017-12-15 22:00-23:00,58306.55556,16.67051852,23.00071605,25.43434568,3961.111111,-52.78765432,68.33333333,38.82222222,21.5548642
2017-12-15 23:00-00:00,58351.55556,16.77965432,23.2222716,25.85664198,3970.108642,-56.68641975,67.33580247,40.76049383,22.09977778
2017-12-16 00:00-01:00,58396.55556,19.29516049,26.71698765,29.7631358,3927.696296,-63.13333333,65.45185185,43.87160494,25.57869136
2017-12-16 01:00-02:00,58441.55556,20.74224691,28.26133333,31.40925926,3810.609877,-63.38024691,63.84197531,46.78765432,27.06908642
2017-12-16 02:00-03:00,58486.55556,25.28888889,34.39014815,37.93622222,3844.851852,-63.81481481,63.31604938,47.60493827,31.46503704
2017-12-16 03:00-04:00,58531.55556,42.00244444,57.41782716,62.75854321,3891.580247,-64.85185185,62.76296296,48.78271605,46.47459259
2017-12-16 04:00-05:00,58576.5,38.00243266,51.90903648,56.95119809,3865.274916,-65.32323232,62.13933782,48.94882155,42.53210269
2017-12-16 05:00-06:00,58621.27778,29.70471437,39.87021044,43.70267565,3843.961167,-63.29887767,61.91358025,48.29236813,35.26594052
2017-12-16 06:00-07:00,58665.5,30.14497621,40.60146486,44.76126721,3894.826541,-63.66916843,61.29424086,49.3885287,36.30033051
2017-12-16 07:00-08:00,58709.88889,31.90451852,43.82849383,48.57928395,3948.407407,-63.6691358,60.55061728,50.56296296,37.95874074
2017-12-16 08:00-09:00,58754.83333,28.82138664,39.58648429,43.915844,3982.019529,-63.88877666,59.48209877,50.43333333,35.44271156
2017-12-16 09:00-10:00,58799.72222,26.24823008,36.41151403,40.69460269,4035.835859,-64.06795735,58.11526375,50.51189675,33.349578
2017-12-16 10:00-11:00,58844.66667,24.48323457,33.83520988,37.94804938,4095.814815,-63.28395062,57.16296296,50.39753086,31.18283951
2017-12-16 11:00-12:00,58889.66667,24.70745679,34.38308642,38.69385185,4155.814815,-63.63703704,56.3382716,50.97283951,31.70948148
2017-12-16 12:00-13:00,58934.61111,12.30221886,16.99044893,19.0734018,4109.544164,-63.47996633,56.96790123,49.20050505,16.70956004
2017-12-16 13:00-14:00,58979.5,3.700461279,5.209460157,5.940374299,4094.787037,-63.46380471,57.15308642,43.60230079,5.209460157
2017-12-16 14:00-15:00,59024.33333,1.773956934,2.553856446,3.015612403,4151.894057,-63.64203273,57.09922481,40.87884008,2.553856446
2017-12-16 15:00-16:00,59069.11111,2.303058361,3.271423681,3.722313692,4197.186869,-63.54921437,57.54040404,39.21593715,3.271423681
2017-12-16 16:00-17:00,59114,4.011481481,5.382419753,5.868,4250.237037,-63.33333333,58.92098765,36.71851852,5.225185185
2017-12-16 17:00-18:00,59159,2.149580662,3.040271288,3.387402406,4193.256331,-63.26920656,60.6620285,32.61620797,3.040271288
2017-12-16 18:00-19:00,59203.94444,1.294539843,1.894148148,2.183926487,4237.652357,-53.96279461,62.51823793,30.44618406,1.894148148
2017-12-16 19:00-20:00,59248.88889,0.724790123,1.142962963,1.380938272,4297.592593,-53.10123457,64.6691358,28.09876543,1.142962963
2017-12-16 20:00-21:00,59293.83333,0.281888889,0.439362514,0.566150954,4357.536195,-53.08641975,65.26638608,26.53484848,0.439362514
2017-12-16 21:00-22:00,59338.5,7.724174523,10.78443098,11.70642649,4338.488384,-52.78686869,65.93249158,25.57446689,7.259910774
2017-12-16 22:00-23:00,59383.22222,4.97508642,6.805555556,7.322,4353.777778,-52.90617284,66.32592593,24.16049383,5.139654321
2017-12-16 23:00-00:00,59428.22222,1.214049383,1.60345679,1.811234568,4413.777778,-53.1654321,66.4,23.77530864,1.60345679
2017-12-17 00:00-01:00,59472.88889,0.662141134,0.984806117,1.145878788,4473.968771,-52.66590909,65.18041526,24.22253086,0.979670314
2017-12-17 01:00-02:00,59517.44444,6.294301908,8.34145174,8.832332772,4519.198822,-52.77042649,63.77463524,24.69994388,6.975352974
2017-12-17 02:00-03:00,59562.38889,3.727064412,5.380779388,6.005672571,4430.999624,-62.01223833,62.73671498,24.01755233,4.942730005
2017-12-17 03:00-04:00,59607.44444,4.016814815,5.296024691,5.68091358,4421.839506,-63.03950617,61.63950617,25.68641975,4.914716049
2017-12-17 04:00-05:00,59652.44444,3.177728395,4.434469136,4.906074074,4471.320988,-62.76296296,60.67901235,27.05185185,4.24708642
2017-12-17 05:00-06:00,59697.44444,1.363407407,2.065209877,2.391530864,4531.111111,-62.35555556,59.97283951,27.1308642,2.04691358
2017-12-17 06:00-07:00,59741.72222,1.488622086,2.151114294,2.479071764,4591.359668,-62.26131712,59.14429045,27.55801164,2.133362971
2017-12-17 07:00-08:00,59786,0.939135802,1.384864198,1.644444444,4620.955556,-62.22962963,59.34074074,26.54074074,1.384864198
2017-12-17 08:00-09:00,59830.94444,0.723735129,1.101437149,1.318140853,4677.142256,-62.67031425,59.19500561,26.07867565,1.101437149
2017-12-17 09:00-10:00,59875.83333,1.679538159,2.439131874,2.800473625,4714.986925,-63.02446689,59.11593715,26.41447811,2.184662738
2017-12-17 10:00-11:00,59920.77778,2.099728395,2.749382716,3.02782716,4713.888889,-62.92592593,58.26419753,27.83209877,2.594567901
2017-12-17 11:00-12:00,59965.77778,1.123185185,1.579580247,1.73762963,4773.888889,-62.17530864,57.3037037,29.76049383,1.563555556
2017-12-17 12:00-13:00,60010.72222,1.710395062,2.50882716,2.859714927,4832.049663,-62.97362514,55.83815937,31.51705948,2.50882716
2017-12-17 13:00-14:00,60055.61111,3.567166667,5.641097082,6.412840067,4800.85651,-62.63473625,55.02974186,32.83922559,4.633269921
2017-12-17 14:00-15:00,60100.55556,3.502888889,5.110049383,6.027654321,4762.888889,-63.19012346,54.40246914,34.79012346,4.939777778
2017-12-17 15:00-16:00,60145.27778,6.653265119,9.484177838,11.06054743,4814.50198,-63.22124997,54.31606765,36.54993344,8.851217681
2017-12-17 16:00-17:00,60189.88889,9.715991582,14.03048822,16.26019697,4870.469697,-62.96705948,55.61638608,36.94180696,12.41750056
2017-12-17 17:00-18:00,60234.77778,13.506651,20.04322332,23.12401547,4883.425028,-62.57749475,58.94318792,35.60002196,17.46203028
2017-12-17 18:00-19:00,60279.22222,18.35101515,27.81017396,32.41012738,4921.002189,-62.56021324,62.17340067,34.2308642,24.39863692
2017-12-17 19:00-20:00,60322.44444,18.16936661,27.58575631,32.55717016,4001.700054,-62.6517445,64.57380569,33.36897477,25.33993344
2017-12-17 20:00-21:00,60365.77778,16.61289342,25.35802219,29.69911854,3629.273686,-63.44949495,65.93865147,32.29023137,24.18590521
2017-12-17 21:00-22:00,60410.22222,15.31521044,23.38469809,27.28405163,3668.984848,-62.83860831,67.56083053,31.05645342,22.68679686
2017-12-17 22:00-23:00,60455.11111,14.2722963,21.70251852,25.34555556,3714.044444,-62.92839506,68.25679012,31.11111111,21.44093827
2017-12-17 23:00-00:00,60500.05556,14.63610213,22.13033951,25.63774691,3739.320707,-62.87783389,67.35,32.49135802,22.02964815
2017-12-18 00:00-01:00,60544.88889,15.15260887,22.61940685,26.14355163,3796.367116,-63.046633,65.53888889,35.70836139,22.45548878
2017-12-18 01:00-02:00,60589.77778,20.16587654,28.9737284,33.02412346,3846.074074,-62.47160494,62.62716049,39.68641975,26.28646914
2017-12-18 02:00-03:00,60634.77778,24.34271605,34.60834568,38.86120988,3906.074074,-62.51358025,61.24197531,40.93580247,29.42145679
2017-12-18 03:00-04:00,60679.66667,24.63160609,34.86488487,39.15785587,3966.202412,-62.39081252,60.40551249,41.59316681,29.8528108
2017-12-18 04:00-05:00,60724.55556,27.07679012,37.73158025,42.38735802,4026.091358,-62.27654321,59.55802469,43.14074074,33.25116049
2017-12-18 05:00-06:00,60769.55556,32.61318519,46.68928395,52.83735802,4086.148148,-62.45925926,59.04691358,43.9037037,39.34335802
2017-12-18 06:00-07:00,60814.55556,40.18535802,58.17901235,65.69851852,4120.580247,-63.03209877,58.53333333,44.43703704,46.77049383
2017-12-18 07:00-08:00,60859.38889,33.68463139,47.84022399,53.75970018,4153.970899,-62.93633157,57.77442681,44.95061728,39.96215344
2017-12-18 08:00-09:00,60904.16667,26.60372896,37.57633558,42.60653423,4213.834175,-62.60460157,56.89624018,46.04870932,33.69873176
2017-12-18 09:00-10:00,60949.11111,26.82703704,37.92562963,42.72276543,4273.777778,-62.38765432,56.32592593,46.48148148,33.50965432
2017-12-18 10:00-11:00,60994.05556,29.28712795,41.35513917,46.25136756,4333.744108,-62.82340067,55.96296296,46.59012346,35.56220483
2017-12-18 11:00-12:00,61039,23.31098765,32.52019753,36.49995062,4393.777778,-62.61975309,55.68395062,46.3654321,29.17985185
2017-12-18 12:00-13:00,61084,22.93481481,32.85530864,36.94819753,4396.019753,-63.00987654,55.54074074,45.69135802,28.24471605
2017-12-18 13:00-14:00,61129,19.3125679,27.9137037,31.42306173,4437.333333,-63.37777778,55.56049383,44.57777778,24.48612346
2017-12-18 14:00-15:00,61173.94444,15.8849697,22.63147363,25.46896689,4453.910774,-63.43383838,55.35364759,44.14708193,21.57816498
2017-12-18 15:00-16:00,61218.88889,16.79355556,23.81725926,26.73071605,4438.037037,-63.17283951,55.11358025,44.84938272,22.148
2017-12-18 16:00-17:00,61263.88889,15.13214815,21.22725926,24.0057037,4498.037037,-62.42469136,56.1382716,44.7308642,19.96014815
2017-12-18 17:00-18:00,61308.66667,13.94709558,19.69844486,22.20105133,3198.981983,-62.89936706,59.05723906,42.51060606,18.67144665
2017-12-18 18:00-19:00,61352,12.91701624,18.13556725,20.47198311,2183.043405,-63.22910981,61.83638726,39.23066927,17.40472775
2017-12-18 19:00-20:00,61393.16667,11.96027048,16.93909091,19.12583951,2002.467621,-65.14893378,64.40179574,36.37777778,16.64855668
2017-12-18 20:00-21:00,61434.72222,11.80775309,16.77147293,19.00361728,2044.264957,-64.35384615,66.22127255,33.95868946,16.69680627
2017-12-18 21:00-22:00,61478.16667,11.959328,17.00045258,19.23658081,2087.96229,-65.23821549,68.14991582,32.20805275,16.93405443
2017-12-18 22:00-23:00,61522.61111,12.38514141,17.68635634,19.99250056,2102.402413,-65.73911336,69.29281706,31.0513468,17.22480079
2017-12-18 23:00-00:00,61567.5,11.74596184,16.73932716,18.87223288,2147.855219,-65.54141414,69.0795174,30.97138047,16.48280864
2017-12-19 00:00-01:00,61612.38889,13.90842031,19.43742929,21.83904938,2200.298597,-65.48013468,66.97727273,34.32037037,18.00192312
2017-12-19 01:00-02:00,61657.27778,20.2241633,27.84118238,30.71386925,2173.36633,-65.77401796,63.18411897,38.98075196,24.52994781
2017-12-19 02:00-03:00,61702.16667,32.97348709,46.40887935,50.76881594,1952.326599,-65.24781145,60.96038159,41.4540404,37.13088608
2017-12-19 03:00-04:00,61747.11111,43.51041975,60.17992593,65.4457284,2002.925926,-65.3308642,59.72098765,41.99259259,47.01219753
2017-12-19 04:00-05:00,61792.05556,27.89446521,37.49501515,40.92379461,2049.15404,-65.02839506,59.11515152,43.32519641,32.77545342
2017-12-19 05:00-06:00,61836.94444,30.74459279,42.208576,46.62583377,1750.947363,-64.68859367,58.46822574,43.03446543,36.16991866
2017-12-19 06:00-07:00,61881.55556,22.85819017,31.35857019,34.73553845,1643.489057,-64.88816348,57.37783389,43.89482084,28.69191699
2017-12-19 07:00-08:00,61926.11111,22.34472983,30.67293655,34.16632845,1696.832903,-65.14211886,56.27861039,45.09532013,27.6123698
2017-12-19 08:00-09:00,61971,25.79378763,35.75266991,40.33894215,1719.853682,-65.323935,55.82818035,44.70373786,30.18395723
2017-12-19 09:00-10:00,62016,19.18123457,26.18503704,29.104,1765.074074,-65.2962963,55.35308642,44.66666667,23.97807407
2017-12-19 10:00-11:00,62060.55556,19.32162857,25.75802378,28.41448656,1681.360801,-65.23757162,54.92181168,44.63755686,22.74583466
2017-12-19 11:00-12:00,62104.77778,14.73807941,19.98025112,22.26685073,1555.446296,-64.86703143,54.54654882,44.50934343,18.36277806
2017-12-19 12:00-13:00,62149.44444,12.54888889,17.10609877,19.15676543,1608.37037,-64.9037037,54.43703704,43.82716049,15.98254321
2017-12-19 13:00-14:00,62194.22222,11.12897643,15.13696184,16.92944501,1668.48569,-64.90858586,54.51885522,43.50291807,14.4582211
2017-12-19 14:00-15:00,62239,10.8702963,14.65348148,16.29691358,1728.37037,-65.1654321,54.8962963,43.52345679,14.06787654
2017-12-19 15:00-16:00,62283.44444,10.5127819,14.32903834,15.97592148,1788.106371,-65.07270453,54.97995682,43.7798334,13.98435311
2017-12-19 16:00-17:00,62327.88889,10.34817284,14.02148148,15.6745679,1821.703704,-65.04938272,56.50617284,43.0345679,13.51792593
2017-12-19 17:00-18:00,62372.83333,12.70541302,17.64908923,19.71754882,1843.831818,-64.94539843,58.95982043,42.06582492,16.57294108
2017-12-19 18:00-19:00,62417.66667,10.8343273,14.94123055,16.68169107,1813.877117,-64.97490669,61.74728682,39.20935975,13.88120069
2017-12-19 19:00-20:00,62462.55556,11.66923457,16.34602469,18.53718519,1813.883951,-65.16790123,63.81975309,36.61975309,14.71469136
2017-12-19 20:00-21:00,62507.44444,9.718266437,13.94160953,15.83823945,1831.18174,-65.0728108,65.68228539,34.37530864,13.22547574
2017-12-19 21:00-22:00,62552.22222,11.55009147,16.63458081,19.08577497,1885.20202,-65.17682379,66.42682379,33.64747475,15.87381538
2017-12-19 22:00-23:00,62597.05556,12.06116386,17.71130752,20.28824691,1935.423793,-65.07390572,66.41200898,34.28552189,16.98117452
2017-12-19 23:00-00:00,62642,13.64564202,20.01056134,23.03943712,1436.520897,-65.0246816,65.78728346,35.40252525,19.33285763
2017-12-20 00:00-01:00,62687,16.95214815,24.35338272,27.95851852,697.3703704,-64.79753086,63.79012346,38.2,23.41985185
2017-12-20 01:00-02:00,62731.94444,22.16476094,31.583156,35.99749102,748.8409091,-64.68804714,62.40802469,40.88782267,29.19863244
2017-12-20 02:00-03:00,62776.94444,36.92512614,51.93460601,58.39126087,749.0821256,-64.76661299,62.90391841,41.32909286,42.37177509
2017-12-20 03:00-04:00,62821.94444,31.14042424,44.43502918,50.79281874,791.9682941,-64.44006734,62.95308642,40.9359147,36.91083165
2017-12-20 04:00-05:00,62866.83333,23.14515993,32.96305892,37.70149607,742.5131874,-64.5479798,62.32362514,44.42744108,29.78192312
2017-12-20 05:00-06:00,62911.61111,18.19088029,25.54417142,28.54766982,796.2183071,-64.8532117,61.56882129,49.59624018,23.95670845
2017-12-20 06:00-07:00,62956.44444,9.635407407,13.09812346,14.46481481,838.054321,-64.85432099,60.92592593,52.30617284,13.09291358
2017-12-20 07:00-08:00,63001.33333,4.377491817,5.864953201,6.422305484,845.487683,-64.76899225,60.68641975,54.15555556,5.864953201
2017-12-20 08:00-09:00,63046.11111,2.52502938,3.426183617,3.79822673,851.6186664,-64.62113115,60.73847167,54.59831894,3.426183617
2017-12-20 09:00-10:00,63090.94444,3.452843434,4.778437149,5.3767211,900.3560606,-65.03069585,60.30617284,57.9657688,4.778437149
2017-12-20 10:00-11:00,63135.88889,4.77562963,6.578469136,7.319185185,960.2592593,-64.71358025,59.92839506,60.52592593,6.578469136
2017-12-20 11:00-12:00,63180.88889,4.603160494,6.901506173,8.516864198,1020.259259,-64.57777778,59.75802469,59.96296296,6.836098765
2017-12-20 12:00-13:00,63225.88889,3.847308642,8.085234568,14.00046914,998.6,-64.51111111,59.28395062,58.9308642,7.581679012
2017-12-20 13:00-14:00,63270.88889,1.317679012,1.897950617,2.229604938,912.5555556,-64.77530864,57.9654321,56.99753086,1.863160494
2017-12-20 14:00-15:00,63315.88889,0.377530864,0.590716049,0.739259259,933.762963,-64.87407407,56.47407407,55.15802469,0.590716049
2017-12-20 15:00-16:00,63360.88889,2.754666667,3.776345679,4.191111111,695.9333333,-64.4345679,55.38518519,54.51851852,3.709950617
2017-12-20 16:00-17:00,63404.72222,3.356753086,4.48992284,4.933947531,703.3728395,-64.57222222,55.59104938,54.35401235,4.447280864
2017-12-20 17:00-18:00,63195.75,1.944972222,2.617777778,2.951583333,820.125,-63.02222222,58.53611111,51.775,2.617777778
2017-12-20 18:00-19:00,63487.44444,0.773037037,1.123293827,1.330582716,784.1111111,-52.44938272,59.09283951,48.15209877,1.123293827
2017-12-20 19:00-20:00,63285.8125,0.356693841,0.466083333,0.584294686,899.9942029,-62.84045894,60.77258454,40.9509058,0.466083333
2017-12-20 20:00-21:00,63569.88889,0.242641975,0.414786195,0.503363075,751.9299663,-52.48731762,61.79191919,37.25538721,0.414786195
2017-12-20 21:00-22:00,63613.33333,0.184320988,0.269975309,0.354666667,515.2592593,-52.55061728,62.72098765,34.80740741,0.269975309
2017-12-20 22:00-23:00,63657.38889,0.438802469,0.662012346,0.830050244,550.8957795,-52.63887453,62.99354005,33.89615274,0.662012346
2017-12-20 23:00-00:00,63700.22222,1.001023081,1.491881911,1.76231562,594.331723,-64.88019324,63.43961353,32.94750403,1.486178207
2017-12-21 00:00-01:00,63744,1.739259259,2.394049383,2.712765432,652.7037037,-65.17283951,61.65679012,35.29135802,2.394049383
2017-12-21 01:00-02:00,63789,4.113728395,5.555753086,6.214518519,710.7975309,-65.04691358,59.14320988,39.22222222,5.498395062
2017-12-21 02:00-03:00,63834,11.70767901,16.28567901,18.06148148,732.1283951,-65.03950617,57.44444444,42.11358025,14.46098765
2017-12-21 03:00-04:00,63879,24.30701235,34.09422222,37.54928395,784.8518519,-64.85185185,56.17530864,44.23950617,28.09723457
2017-12-21 04:00-05:00,63924,18.53674074,24.58595062,26.95148148,838.2049383,-65.00493827,55.18271605,44.83703704,23.15696296
2017-12-21 05:00-06:00,63969,17.53923457,22.65177778,24.50466667,890.5061728,-65.55802469,54.47160494,45.50123457,21.47822222
2017-12-21 06:00-07:00,64014,14.16491358,18.74135802,20.64716049,950.5185185,-65.60493827,53.7037037,46.54567901,18.28202469
2017-12-21 07:00-08:00,64059,9.853604938,12.88375309,14.21106173,1010.518519,-65.11111111,52.96790123,47.53333333,12.79837037
2017-12-21 08:00-09:00,64103.88889,5.876618406,7.707038159,8.531139731,1062.588384,-64.82687991,52.30106622,47.74523008,7.703433221
2017-12-21 09:00-10:00,64148.77778,3.988592593,5.30145679,5.910074074,1018.192593,-64.82222222,52.10617284,46.35308642,5.29762963
2017-12-21 10:00-11:00,64193.66667,2.53980752,3.535133558,4.052786756,895.7188552,-64.96453423,51.9869248,44.78535354,3.535133558
2017-12-21 11:00-12:00,64238.55556,1.923555556,2.660716049,3.120271605,890.962963,-64.88888889,51.76049383,43.32098765,2.660716049
2017-12-21 12:00-13:00,64283.55556,1.783333333,2.548518519,2.926148148,922.1407407,-64.66666667,51.82222222,41.95308642,2.548518519
2017-12-21 13:00-14:00,64328.55556,0.965209877,1.364567901,1.586074074,978.7037037,-64.68395062,51.84444444,41.31604938,1.364567901
2017-12-21 14:00-15:00,64373.55556,1.034098765,1.466320988,1.682592593,1038.703704,-64.71851852,52.26419753,40.1037037,1.466320988
2017-12-21 15:00-16:00,64418.5,1.056801347,1.479356341,1.66365376,1098.739899,-64.79046016,53.20246914,37.81038159,1.479356341
2017-12-21 16:00-17:00,64463.33333,3.883887453,5.150790123,5.670298019,1158.790698,-64.67338501,54.21234568,36.44691358,4.634567901
2017-12-21 17:00-18:00,64508.22222,4.055728395,5.302864198,5.838938272,1218.703704,-64.91604938,56.04938272,34.77777778,4.917283951
2017-12-21 18:00-19:00,64553.22222,3.444296296,4.440592593,4.888024691,1237.266667,-65.69876543,58.27901235,32.96049383,4.359802469
2017-12-21 19:00-20:00,64598.11111,2.875300603,3.718067183,4.08926213,1179.366925,-65.94177433,60.89727247,30.27143267,3.354585702
2017-12-21 20:00-21:00,64642.88889,1.381300224,1.851796857,2.098109989,1106.592593,-65.73608305,61.79938272,30.25342312,1.851796857
2017-12-21 21:00-22:00,64687.66667,1.446892334,1.935795579,2.184014355,1117.976572,-65.74889463,63.37909848,28.52873959,1.933227677
2017-12-21 22:00-23:00,64732.5,1.195552189,1.621034792,1.897459596,1168.409933,-66.07429854,64.41829405,27.67974186,1.620911336
2017-12-21 23:00-00:00,64777.44444,1.057160494,1.495654321,1.702419753,1202.241975,-65.64444444,65.11358025,27.88395062,1.495654321
2017-12-22 00:00-01:00,64822.44444,2.658469136,3.411234568,3.748493827,1188.251852,-65.25185185,62.32839506,32.55061728,3.411234568
2017-12-22 01:00-02:00,64867.38889,7.149828844,9.317682379,10.21888272,1204.643939,-65.02210999,58.95039282,37.66262626,9.168744108
2017-12-22 02:00-03:00,64912.22222,12.25886083,16.08141302,17.58820146,1194.555948,-64.87979798,56.99517396,41.31969697,14.94593154
2017-12-22 03:00-04:00,64957.05556,16.31932716,21.28090629,23.00894332,1170.857464,-64.95819304,55.88984287,43.10162738,19.15186925
2017-12-22 04:00-05:00,65002,19.54861728,25.59575309,27.58644444,1226.962963,-64.71604938,55.26419753,44.31358025,22.07893827
2017-12-22 05:00-06:00,65047,22.60908642,29.59185185,32.04424691,1278.666667,-64.9382716,54.51111111,46.07407407,25.91264198
2017-12-22 06:00-07:00,65091.83333,21.97344092,28.27861728,30.37498236,1330.216931,-65.09594356,53.85008818,47.07707231,25.8202716
2017-12-22 07:00-08:00,65136.66667,23.39906173,30.70580247,33.31479012,1383.288889,-65.26419753,53.4617284,47.29135802,27.0337037
2017-12-22 08:00-09:00,65181.66667,21.46316049,27.74565432,30.04634568,1379.664198,-64.92345679,52.80246914,47.36790123,26.26496296
2017-12-22 09:00-10:00,65226.05556,18.19449527,23.15765488,25.01992985,1285.393867,-64.82368927,51.95760782,47.94725028,23.09824747
2017-12-22 10:00-11:00,65270.38889,18.25176375,23.56267228,25.60955443,999.2516835,-64.97065095,51.4691358,48.49382716,22.94151178
2017-12-22 11:00-12:00,65315.33333,17.7171358,22.85637037,24.88306173,1059.296296,-64.75061728,51.09135802,48.50123457,22.21002469
2017-12-22 12:00-13:00,65360.27778,16.60238328,21.13270539,22.85059371,1112.374411,-64.95364759,51.16071829,48.7973064,20.47285354
2017-12-22 13:00-14:00,65405.22222,13.9842963,17.79540741,19.32279012,1148.333333,-65.17777778,51.78765432,47.88888889,17.31609877
2017-12-22 14:00-15:00,65450.22222,13.45244444,17.13906173,18.62328395,1206.51358,-64.98765432,52.12345679,48,16.59471605
2017-12-22 15:00-16:00,65495.27778,14.26855019,18.21862265,19.76555341,1093.033011,-65.0962963,52.09527644,47.64771873,17.41603006
2017-12-22 16:00-17:00,65540.27778,15.79402357,20.44758081,22.20251178,1136.296296,-65.26015713,52.83703704,46.81874299,18.96691414
2017-12-22 17:00-18:00,65585.22222,15.28137027,19.57433751,21.08181289,1155.998353,-64.72145367,55.42087786,44.06429269,18.25793029
2017-12-22 18:00-19:00,65630.22222,17.60449383,21.86491358,23.27325926,1170.888889,-64.80987654,59.12345679,39.46666667,20.72651852
2017-12-22 19:00-20:00,65675.22222,20.89508642,25.97577778,27.49876543,1230.888889,-64.81234568,60.8345679,37.60493827,24.48380247
2017-12-22 20:00-21:00,65720.22222,22.41903704,27.64728395,29.18916049,1290.888889,-64.92592593,61.47160494,37.42716049,25.81424691
2017-12-22 21:00-22:00,65761.72222,24.22809213,30.10986346,31.80135628,1326.48487,-65.2568379,61.97846358,37.84398463,27.81056174
2017-12-22 22:00-23:00,65803.16667,26.19068182,32.83084792,34.75280415,1386.30303,-65.55039282,61.4828844,39.73619529,29.8828092
2017-12-22 23:00-00:00,65848.11111,28.84296296,36.42096296,38.80995062,1446.303704,-64.8,60.81234568,41.7037037,32.30508642
2017-12-23 00:00-01:00,65893.05797,34.67499839,44.01393988,46.98895652,1389.684702,-64.69887279,60.03703704,43.35050993,37.17036339
2017-12-23 01:00-02:00,65938.05556,39.88245791,51.15207127,54.95528227,1155.889731,-64.51868687,58.84960718,44.75881033,41.35168126
2017-12-23 02:00-03:00,65983,41.21022222,52.56790123,56.49185185,1186.728395,-64.45432099,58.39753086,45.88888889,42.16382716
2017-12-23 03:00-04:00,66027.94444,43.38167677,55.85901515,60.55015264,1241.082155,-64.88585859,57.93653199,46.65824916,44.06650449
2017-12-23 04:00-05:00,66072.88889,45.91508642,58.79846914,63.55898765,1281.148148,-65.23703704,57.8962963,46.49135802,44.70698765
2017-12-23 05:00-06:00,66117.83333,49.31670819,63.29375253,68.30286027,1313.432379,-64.99298541,57.91105499,46.75667789,46.81012009
2017-12-23 06:00-07:00,66162.77778,50.11622222,64.63004938,70.11192593,1155.528395,-64.7308642,57.55061728,47.00987654,47.694
2017-12-23 07:00-08:00,66207.77778,53.77846914,70.46076543,76.82481481,971.9259259,-65.01728395,56.99259259,47.87160494,51.12703704
2017-12-23 08:00-09:00,66252.72222,52.49599719,68.34732997,74.14461167,1025.313131,-65.00780022,56.67901235,48.14472503,49.94888496
2017-12-23 09:00-10:00,66297.61111,50.40540067,66.11456229,71.9454596,1079.406566,-64.73344557,56.4013468,48.09231201,49.17400617
2017-12-23 10:00-11:00,66342.5,45.14435297,58.65792985,63.75582548,1139.517677,-64.74085297,55.83765432,48.2,45.99524747
2017-12-23 11:00-12:00,66387.44444,42.03387654,54.46950617,59.06755556,1199.481481,-64.54814815,55.80493827,48.12592593,43.52844444
2017-12-23 12:00-13:00,66432.44444,35.00854321,45.11812346,48.78804938,1259.481481,-64.48888889,56.03209877,46.91851852,37.77032099
2017-12-23 13:00-14:00,66477.33333,30.51536195,39.36872952,42.63177722,1319.593434,-64.78445567,56.00802469,46.2473064,33.78916554
2017-12-23 14:00-15:00,66522.27778,29.11861567,37.68227644,41.00143639,1347.148953,-64.78046162,55.89565217,46.09119699,32.54638647
2017-12-23 15:00-16:00,66567.33333,37.95955556,49.33254321,53.93483951,1382.296296,-64.56049383,55.19753086,48.24938272,39.77096296
2017-12-23 16:00-17:00,66612.38889,33.88020075,44.16289372,48.48458669,1349.265164,-64.10187869,55.00246914,49.13580247,37.08829039
2017-12-23 17:00-18:00,66657.44444,26.70762963,34.63054321,37.67241975,1299.481481,-64.12098765,57.21234568,46.48888889,31.27308642
2017-12-23 18:00-19:00,66702.33333,19.37893712,24.69724088,26.72953833,1359.568475,-64.53942004,60.32621303,40.6435257,23.89576227
2017-12-23 19:00-20:00,66747.22222,18.18760494,23.0971358,24.9048642,1419.481481,-64.69876543,62.26666667,37.63950617,22.37535802
2017-12-23 20:00-21:00,66792.27778,16.0856248,20.27757273,21.91169834,1437.62453,-65.05872249,63.85882984,35.21723027,20.09895545
2017-12-23 21:00-22:00,66837.27778,16.66545286,21.02902132,22.68193715,1201.117003,-64.73344557,64.36133558,34.89573513,20.94704602
2017-12-23 22:00-23:00,66882.22222,17.18649383,21.59580247,23.2514321,1154.076543,-64.94074074,64.48641975,35.42962963,21.46328395
2017-12-23 23:00-00:00,66927.22222,17.27871605,22.34424691,24.29120988,1213.592593,-65.19012346,64.02469136,36.85185185,21.26841975
2017-12-24 00:00-01:00,66972,15.80320687,19.99063475,21.52007167,1261.981451,-64.88419151,63.31713339,39.96778079,19.69952966
2017-12-24 01:00-02:00,67016.77778,27.80207407,36.95111111,39.85281481,1308.518519,-65.07901235,62.11111111,41.57530864,31.25622222
2017-12-24 02:00-03:00,67061.77778,36.16849383,48.02634568,51.78353086,1360.955556,-64.9654321,60.96790123,42.92592593,39.38925926
2017-12-24 03:00-04:00,67106.77778,34.712,45.60738272,49.50049383,1390.703704,-65.01234568,60.02469136,43.91358025,38.88550617
2017-12-24 04:00-05:00,67151.72222,37.34443378,49.02997082,53.33351627,1450.638889,-64.76257015,59.28148148,44.71358025,41.08629854
2017-12-24 05:00-06:00,67196.66667,35.5245679,46.50059259,50.55387654,1460.580247,-64.79259259,59.24197531,44.25679012,38.76866667
2017-12-24 06:00-07:00,67241.55556,32.24012231,41.32416997,44.76276084,1508.077519,-64.98507034,58.7933965,44.52839506,35.65967499
2017-12-24 07:00-08:00,67286.44444,33.86320988,43.61987654,47.46007407,1568.037037,-65,58.03950617,45.96790123,37.12353086
2017-12-24 08:00-09:00,67331.38889,33.24687935,43.25810999,47.02635129,1628.063131,-64.63916947,57.40246914,46.99753086,36.97798653
2017-12-24 09:00-10:00,67376.33333,31.42790123,40.99024691,44.49002469,1688.037037,-64.37530864,56.65432099,47.82222222,35.86508642
2017-12-24 10:00-11:00,67421.33333,27.59992593,35.43960494,38.3808642,1720.891358,-64.42222222,56.80987654,47.47407407,32.06790123
2017-12-24 11:00-12:00,67466.22222,25.94783979,33.35609302,36.10329486,1704.768303,-64.62118863,56.79259259,47.25432099,30.51354694
2017-12-24 12:00-13:00,67511.11111,24.88407407,31.86753086,34.3954321,1642.518519,-64.69876543,56.92345679,47.27654321,29.31693827
2017-12-24 13:00-14:00,67556,22.86614871,29.36151627,31.73110382,918.3026936,-64.42732884,54.44854097,49.86481481,27.45987654
2017-12-24 14:00-15:00,67600.88889,19.75355556,25.29987654,27.31387654,923.5209877,-64.34320988,54.93580247,49,23.74390123
2017-12-24 15:00-16:00,67645.83333,19.74204994,25.46387093,27.54016723,925.6001684,-64.15718294,56.20521886,47.61043771,23.81515544
2017-12-24 16:00-17:00,67690.72222,21.08552357,27.42289787,29.80582267,843.7218855,-64.44360269,55.42962963,49.5154321,25.47572952
2017-12-24 17:00-18:00,67735.5,21.38549735,27.93251852,30.32005291,537.0329806,-64.51075838,57.1382716,48.43333333,25.65179894
2017-12-24 18:00-19:00,67780.33333,19.08212346,24.40703704,26.35962963,502.1530864,-64.43950617,59.35308642,44.83950617,23.52044444
2017-12-24 19:00-20:00,67825.16667,18.60493996,23.79692761,25.58872054,500.9731762,-64.34135802,63.12783389,40.14079686,22.71310382
2017-12-24 20:00-21:00,67869.94444,16.31295952,20.72380248,22.17370483,384.5667902,-64.86766406,64.00733875,38.93160694,19.89809878
2017-12-24 21:00-22:00,67914.5,16.64645108,21.23817104,22.71883384,253.2853303,-64.85922581,64.43869248,38.58340412,20.005692
2017-12-24 22:00-23:00,67959,15.93694688,20.26245306,21.72283893,245.3910422,-64.73815676,64.81303474,39.33063451,19.04366293
2017-12-24 23:00-00:00,68003.83333,18.58966196,23.57766857,25.28657073,271.8677329,-64.69157517,63.4434197,41.16177963,22.97018362
2017-12-25 00:00-01:00,68048.66667,23.49035746,30.16497475,32.4371459,286.797138,-64.72901235,63.16189675,42.48114478,29.22972727
2017-12-25 01:00-02:00,68093.55556,28.36523457,36.44466667,39.23167901,346.6666667,-64.65185185,62.65185185,44.14814815,33.48195062
2017-12-25 02:00-03:00,68138.55556,35.51066667,46.44844444,50.10276543,386.2345679,-65.00987654,62.20246914,44.86666667,39.38651852
2017-12-25 03:00-04:00,68183.22222,33.21034378,43.10887369,46.54520798,372.9851852,-65.34339981,61.56125356,45.35004748,36.7931377
2017-12-25 04:00-05:00,68227.44444,30.22047076,39.56821354,42.86927397,387.7274056,-64.96458444,61.13096462,45.96452242,34.38999575
2017-12-25 05:00-06:00,68271.77778,31.63997952,41.19068052,44.60335863,441.129178,-65.06534176,61.20692562,45.98476363,35.16027823
2017-12-25 06:00-07:00,68316.22222,34.3867977,45.10397475,49.07739001,492.2353535,-65.14657688,60.59225589,46.97037037,38.19666246
2017-12-25 07:00-08:00,68359,28.58365271,37.20541975,40.45484863,429.4362319,-65.10059045,59.91782072,47.47546967,33.75430649
2017-12-25 08:00-09:00,68400.16667,25.78959035,33.79629125,36.93962177,406.5658249,-64.97368126,58.68742985,48.25319865,31.23467845
2017-12-25 09:00-10:00,68443,25.22080683,33.35971028,36.40222759,417.0328152,-65.0352674,56.61373816,50.12536476,30.73719388
2017-12-25 10:00-11:00,68487.77778,24.2662963,32.06523457,35.10145679,468.3703704,-64.95061728,54.92592593,51.59259259,30.05634568
2017-12-25 11:00-12:00,68532.61111,24.54786236,33.23493669,36.7133696,520.5196735,-65.19380106,54.05751573,52.01756453,30.63637494
2017-12-25 12:00-13:00,68577.44444,21.45498765,28.09755556,30.7217284,557.8518519,-65.34814815,54.19012346,51.67654321,27.07451852
2017-12-25 13:00-14:00,68622.27778,23.46946384,31.14230511,34.02206349,611.2910053,-65.22962963,55.41234568,50.55555556,29.23295062
2017-12-25 14:00-15:00,68667.11111,23.97740741,31.96276543,35.13602469,664.5185185,-65.18765432,54.95802469,50.52098765,29.72419753
2017-12-25 15:00-16:00,68712,23.25123859,31.6801114,35.22941143,577.6598335,-65.04737295,54.8617284,50.27160494,28.71373529
2017-12-25 16:00-17:00,68756.83333,24.83092536,33.50974972,36.83693042,617.2685185,-64.68916947,56.31358025,48.57485971,29.72952918
2017-12-25 17:00-18:00,68801.66667,21.394922,28.0833844,30.73970146,642.8044893,-64.81638608,57.63540965,47.44472503,26.1203771
2017-12-25 18:00-19:00,68846.33333,21.00590018,27.60156692,30.2732714,546.7970715,-64.99224937,59.21373946,45.427214,25.43746531
2017-12-25 19:00-20:00,68891.11111,19.95320988,26.12192593,28.46069136,600.0888889,-64.87160494,62.88148148,41.59259259,24.10985185
2017-12-25 20:00-21:00,68936.11111,21.3605679,27.98748148,30.50345679,649.3703704,-65.04691358,64.70617284,39.22716049,25.09296296
2017-12-25 21:00-22:00,68981.11111,23.23723457,30.35604938,33.0082963,709.382716,-65.48148148,66.20493827,37.52839506,26.70098765
2017-12-25 22:00-23:00,69026.05556,21.62719865,28.13337262,30.3739798,757.1237374,-65.88787879,67.82716049,36.29539843,26.15149607
2017-12-25 23:00-00:00,69070.83333,24.15719136,31.76590516,34.42244837,782.6085859,-65.90375982,66.6369248,38.82620651,28.60920483
2017-12-26 00:00-01:00,69115.55556,27.85178409,37.00347287,40.10287568,831.5400517,-65.81102498,64.08802756,42.91432673,32.19512374
2017-12-26 01:00-02:00,69160.44444,36.71738272,50.062,54.57809877,885.3185185,-65.58271605,61.79259259,46.55555556,40.27002469
2017-12-26 02:00-03:00,69205.44444,45.88819753,61.66066667,67.02402469,921.7925926,-65.42716049,60.02962963,48.96049383,47.02612346
2017-12-26 03:00-04:00,69250.44444,54.34350617,74.29787654,81.35560494,860.9160494,-65.6617284,58.99753086,50.81481481,53.52671605
2017-12-26 04:00-05:00,69295.38889,49.39052469,66.16880584,72.25339899,832.1018519,-65.52457912,58.13597082,51.43226712,48.78084848
2017-12-26 05:00-06:00,69338.94444,47.51516667,63.22068519,68.70927778,883.4074074,-65.07839506,57.40925926,51.56728395,48.2692716
2017-12-26 06:00-07:00,69381.66667,49.49912795,66.05016162,72.66838552,801.0097643,-65.01582492,56.18232323,53.10089787,49.06576263
2017-12-26 07:00-08:00,69425.77778,45.46044444,60.96464198,66.84395062,858.2592593,-64.99506173,55.18765432,54.08395062,46.42471605
2017-12-26 08:00-09:00,69470.77778,42.25906173,56.76664198,62.12479012,918.2592593,-64.98271605,54.29135802,54.38024691,44.40851852
2017-12-26 09:00-10:00,69515.72222,40.20290404,54.13317396,59.19986756,954.4581369,-64.99545455,53.69371493,54.48888889,43.2183541
2017-12-26 10:00-11:00,69560.61111,35.37346128,47.32874747,51.67741246,968.9143098,-64.92654321,53.12592593,54.50617284,39.54810662
2017-12-26 11:00-12:00,69605.55556,33.81965432,46.26323457,50.82967901,976.2222222,-64.97777778,52.42469136,54.93580247,38.31792593
2017-12-26 12:00-13:00,69650.5,31.48765881,42.68578844,46.82792031,1036.148148,-64.94264871,52.01200898,54.68142536,35.78271829
2017-12-26 13:00-14:00,69695.44444,27.99832099,37.97708642,41.58555556,1044.518519,-64.8,51.54320988,54.42222222,32.39301235
2017-12-26 14:00-15:00,69740.44444,27.75355556,37.34748148,40.94417284,1104.518519,-64.95061728,51.01481481,54.91111111,32.96520988
2017-12-26 15:00-16:00,69785.38889,28.32354994,38.66103311,42.63104602,1164.478956,-64.49169473,50.76784512,55.30448934,34.01441358
2017-12-26 16:00-17:00,69830.11111,27.35123035,37.16863475,40.70103884,1216.385727,-64.70508883,52.0699187,55.02234267,33.13349533
2017-12-26 17:00-18:00,69874.72222,26.81909144,36.17742586,39.50723406,1188.71355,-64.73373007,56.00291807,53.21036071,32.35627753
2017-12-26 18:00-19:00,69919.55556,28.09476543,38.30871605,41.86219753,1004.088889,-65.10864198,59.74320988,48.13580247,34.17103704
2017-12-26 19:00-20:00,69964.55556,29.52628649,40.32666381,44.00507712,1025.288289,-65.16735227,62.76592983,44.16584443,35.24006566
2017-12-26 20:00-21:00,70009.55556,28.16879012,38.49274074,41.84251852,1084.703704,-65.68641975,65.23703704,40.67407407,33.96175309
2017-12-26 21:00-22:00,70054.44444,26.78888777,36.59191077,39.82848822,1144.799663,-65.79955107,67.11060606,38.4540404,32.57690965
2017-12-26 22:00-23:00,70099.33333,25.24916049,34.43992593,37.40930864,1204.703704,-65.46666667,68.39506173,37.14074074,31.13195062
2017-12-26 23:00-00:00,70144.27778,24.45797475,33.24313356,36.08144276,1257.590909,-65.55314254,68.13434343,37.54921437,30.21711448
2017-12-27 00:00-01:00,70189.22222,23.78466667,31.99888889,34.78283951,1290.148148,-65.67160494,65.78518519,41.15061728,29.2428642
2017-12-27 01:00-02:00,70234.22222,26.19792593,35.37649383,38.65733333,1344.945679,-65.65432099,63.14814815,44.51604938,30.91987654
2017-12-27 02:00-03:00,70279.16667,30.86752637,41.94499214,46.12287486,1398.394781,-65.47861953,61.96324355,45.71666667,34.99094276
2017-12-27 03:00-04:00,70324.05556,37.29316947,50.13768967,54.97265039,1458.475589,-65.58703704,60.12255892,48,40.59035634
2017-12-27 04:00-05:00,70369,42.54328395,57.51869136,63.22296296,1518.444444,-65.72592593,58.91851852,49.43703704,44.72691358
2017-12-27 05:00-06:00,70413.94444,43.87352918,59.32490292,65.18721998,1516.267845,-65.74893378,58.35650954,49.77777778,45.90534512
2017-12-27 06:00-07:00,70457.72222,47.66601852,64.78997531,71.0672284,1383.055556,-65.76388889,57.68179012,49.99598765,49.48840123
2017-12-27 07:00-08:00,70501.16667,41.9627754,56.67886148,62.50114569,1427.235625,-65.74087456,57.04876543,50.4308124,44.67580955
2017-12-27 08:00-09:00,70545.61111,34.24634306,45.93585816,50.32535847,1394.816192,-65.33740099,56.49884137,50.86002645,38.66304119
2017-12-27 09:00-10:00,70590.38889,30.45753648,40.86410606,44.91036981,1435.281257,-65.57946128,55.92418631,50.62182941,34.95299495
2017-12-27 10:00-11:00,70635.33333,25.02195062,33.32723457,36.31558025,1479.888889,-65.6,55.61728395,50.60740741,30.0017037
2017-12-27 11:00-12:00,70680.33333,20.778,27.58054321,29.89155556,1438.103704,-65.5037037,55.04197531,49.92592593,25.26814815
2017-12-27 12:00-13:00,70725.33333,16.27409877,21.42617284,23.22607407,1493.37037,-65.66419753,54.43950617,49.39753086,19.39958025
2017-12-27 13:00-14:00,70770.33333,16.53237037,21.87693827,23.78323457,1553.37037,-65.49382716,54.12098765,49.9308642,19.62320988
2017-12-27 14:00-15:00,70815.22222,15.74219064,20.93516279,22.84568877,1570.976055,-65.63393626,53.55561298,50.20493827,18.86944703
2017-12-27 15:00-16:00,70860,14.61665614,19.3247819,21.00822893,1565.870519,-65.3891891,53.34607671,50.24970506,17.62520223
2017-12-27 16:00-17:00,70904.88889,17.51701235,23.3711358,25.45607407,1570.703704,-65.46419753,54.72839506,49.59259259,21.51402469
2017-12-27 17:00-18:00,70949.88889,14.042,18.27780247,19.73064198,1630.703704,-65.60493827,57.75308642,47.83703704,17.51323457
2017-12-27 18:00-19:00,70994.88889,10.47501235,13.586,14.69249383,1690.703704,-65.83209877,61.01975309,43.38765432,13.46217284
2017-12-27 19:00-20:00,71039.88889,9.816790123,12.75711111,13.77849383,1750.703704,-66.00246914,63.31604938,41.02716049,12.75711111
2017-12-27 20:00-21:00,71084.83333,10.14567901,13.11592312,14.19890292,1794.221773,-66.22575758,65.24870932,39.1996633,12.85824411
2017-12-27 21:00-22:00,71129.77778,9.435777778,12.20661728,13.19812346,1841.074074,-65.81481481,66.57530864,37.72098765,12.20661728
2017-12-27 22:00-23:00,71174.77778,7.269679012,9.326395062,10.02123457,1901.074074,-65.49876543,67.6617284,36.2617284,9.326395062
2017-12-27 23:00-00:00,71219.66667,6.484786104,8.275036463,8.868798737,1961.048234,-65.32942865,67.45925926,36.75745047,8.275036463
2017-12-28 00:00-01:00,71264.5,7.041861953,8.930229517,9.606762065,2020.999158,-65.25617284,65.50398429,39.5986532,8.930229517
2017-12-28 01:00-02:00,71309.38889,10.62214198,13.66417003,14.74037262,2080.973906,-65.21279461,62.35583614,44.01975309,13.20162682
2017-12-28 02:00-03:00,71354.38889,14.49721524,18.84721256,20.48183629,2141.000805,-64.90708535,60.02265164,47.1424584,18.30027429
2017-12-28 03:00-04:00,71399.38889,30.18197699,40.56226936,44.01207969,2200.999158,-64.9150954,58.83114478,48.43047138,33.8039147
2017-12-28 04:00-05:00,71444.38889,28.29748148,37.31583038,40.3140526,2185.939775,-64.91186259,57.89855072,49.18867418,32.27387976
2017-12-28 05:00-06:00,71489.38889,23.14573401,30.18115993,32.56638159,2059.76431,-64.60802469,57.37856341,49.72687991,27.58687879
2017-12-28 06:00-07:00,71534.33333,21.96883951,28.79839506,31.15353086,2092.397531,-64.57777778,56.94320988,50.17530864,25.67992593
2017-12-28 07:00-08:00,71578.33333,23.11713163,30.58677449,33.43325004,1604.806614,-64.58780664,56.15364759,50.363941,26.98189626
2017-12-28 08:00-09:00,71621.33333,25.64349383,34.57014286,38.38019224,1502.984832,-64.53756614,55.40811287,50.87283951,29.85457496
2017-12-28 09:00-10:00,71664.66667,21.40924654,28.99091614,32.29092084,1560.045513,-64.58139535,54.99559549,50.63360348,24.95650106
2017-12-28 10:00-11:00,71708.5,18.68554465,24.777034,27.37060614,1621.447244,-64.43469841,53.99207188,51.40555295,22.70553906
2017-12-28 11:00-12:00,71753,15.36390123,20.16195062,22.11424691,1677.22963,-64.29382716,53.13333333,51.75802469,18.57271605
2017-12-28 12:00-13:00,71797.83333,13.04379189,16.98863668,18.56683951,1686.291887,-64.48871252,52.98112875,51.5,15.57808113
2017-12-28 13:00-14:00,71842.66667,11.61098765,15.23607407,16.6351358,1732.703704,-64.71851852,53.17777778,50.67901235,14.1394321
2017-12-28 14:00-15:00,71887.66667,10.56851852,13.76558025,15.04032099,1196.407407,-64.67654321,53.49135802,50.23703704,13.17365432
2017-12-28 15:00-16:00,71932.66667,10.19997531,13.22128395,14.55224691,1253.51358,-64.7037037,53.21481481,50.88641975,12.88982716
2017-12-28 16:00-17:00,71977.55556,9.618479237,12.48257127,13.64585185,1150.572952,-64.81599327,53.94461279,50.40808081,12.31854658
2017-12-28 17:00-18:00,72022.27778,9.713781941,12.68721769,13.80032685,1156.3681,-64.43564456,56.97828283,49.21871166,12.68318669
2017-12-28 18:00-19:00,72066,10.69061617,14.08036855,15.24685384,1161.426235,-64.42983312,60.70726393,45.67574623,14.0219488
2017-12-28 19:00-20:00,72107.33333,11.35527438,14.94909892,16.16701081,1205.787981,-64.21703469,63.01854723,43.85166001,14.84637165
2017-12-28 20:00-21:00,72148.55556,12.77698658,17.04010413,18.42543425,1105.294686,-64.20504563,65.44970478,41.7006978,16.81948685
2017-12-28 21:00-22:00,72192.22222,12.79749469,17.0737261,18.41551651,695.2549526,-64.70806776,68.07786391,39.25644559,17.02677806
2017-12-28 22:00-23:00,72237.11111,11.26409877,14.83291358,16.00333333,755.2222222,-64.89135802,69.04691358,38.07160494,14.82982716
2017-12-28 23:00-00:00,72282.11111,10.63195062,13.89614815,14.96024691,803.7259259,-64.8345679,67.76296296,40.06419753,13.89614815
2017-12-29 00:00-01:00,72327,12.16444904,16.28736664,17.71235257,832.1076658,-65.27315533,65.78581682,42.99219064,15.41958886
2017-12-29 01:00-02:00,72371.77778,15.88088496,20.78882828,22.38788047,864.5987654,-65.2526936,62.93765432,46.12300786,19.59912458
2017-12-29 02:00-03:00,72416.16667,20.02577233,26.1416333,28.14544105,888.8021658,-65.12480966,60.81312676,48.39267146,24.09328198
2017-12-29 03:00-04:00,72460.61111,29.54060157,40.33817284,44.15357407,932.0058923,-64.9969697,59.48232323,49.88131313,34.45455331
2017-12-29 04:00-05:00,72505.55556,30.24841975,40.90437037,44.46108642,930.6864198,-64.9382716,58.82222222,50.85432099,34.05271605
2017-12-29 05:00-06:00,72550.33333,26.5475857,35.52129133,38.37510622,974.8872054,-65.13647587,58.64444444,50.7131714,30.12252589
2017-12-29 06:00-07:00,72594.16667,24.64494428,32.65572969,35.37310452,1020.075717,-65.07128445,57.93827779,50.65807191,28.78353132
2017-12-29 07:00-08:00,72636.94444,23.46559598,30.80913596,33.27530226,1060.175149,-64.97042105,57.27375342,50.82300804,27.94400809
2017-12-29 08:00-09:00,72680.5,21.62704265,28.83432716,31.36127778,1090.545455,-65.05505051,56.47362514,50.95684624,26.10615039
2017-12-29 09:00-10:00,72720.77778,19.51656822,26.09338873,28.50806225,1064.148033,-64.84125896,56.00934744,51.09034427,24.32065119
2017-12-29 10:00-11:00,72759.22222,17.52392237,23.45082607,25.51899961,1080.377553,-64.87066409,55.78899057,50.58530778,22.00554423
2017-12-29 11:00-12:00,72801.83333,16.45030354,21.85636429,23.82117863,975.7571025,-64.73364382,55.32554287,50.73222581,20.57597082
2017-12-29 12:00-13:00,72846.38889,14.30977329,18.94186869,20.67662233,928.7860831,-65.01077441,54.73585859,51.14910213,18.10293042
2017-12-29 13:00-14:00,72891.22222,12.1193006,16.03961413,17.50702498,919.5285099,-64.95205283,54.39753086,51.55308642,15.64085558
2017-12-29 14:00-15:00,72936.11111,10.86348148,14.31587654,15.64550617,977.4444444,-64.98024691,54.28641975,51.13333333,14.19108642
2017-12-29 15:00-16:00,72980.66667,10.7714488,14.23098789,15.62560293,1005.999622,-64.74093128,54.0593219,50.48050662,14.16313435
2017-12-29 16:00-17:00,73025.22222,10.06066667,13.21209877,14.44985185,1031.451852,-64.79259259,54.91111111,50.20987654,13.21209877
2017-12-29 17:00-18:00,73070.16667,9.777883277,12.75577553,13.96073232,1082.731481,-64.76700337,58.38103255,48.26767677,12.75577553
2017-12-29 18:00-19:00,73115.11111,11.52041975,15.09209877,16.44276543,1137.249383,-65.1382716,61.54074074,45.48395062,15.09066667
2017-12-29 19:00-20:00,73160.05556,11.39667284,14.90881425,16.12371886,1189.703479,-65.08945006,63.93333333,42.54074074,14.89177722
2017-12-29 20:00-21:00,73204.77778,12.22037486,16.04930191,17.30292761,1243.582492,-65.23282828,65.81958474,41.10078563,15.99177834
2017-12-29 21:00-22:00,73249.22222,10.97087853,14.38888232,15.47050532,1303.94933,-65.53675776,67.94531379,38.91682532,14.38526475
2017-12-29 22:00-23:00,73293.83333,10.30440853,13.47216498,14.47329012,1316.563636,-65.47991021,69.00611672,37.61604938,13.45656004
2017-12-29 23:00-00:00,73338.61111,10.42409877,13.66600617,14.73166947,1317.217284,-65.49472503,68.61806958,38.30039282,13.5976358
2017-12-30 00:00-01:00,73383.38889,11.15932548,14.61903872,15.80475309,1355.316498,-65.71762065,66.31032548,41.94208754,14.51079181
2017-12-30 01:00-02:00,73428.38889,14.9248014,20.13414761,21.90576006,1386.844605,-65.63811057,63.06119163,45.97734836,18.25343156
2017-12-30 02:00-03:00,73473.33333,17.87086764,23.91893253,26.11967614,1446.322997,-65.25661786,61.08297445,47.91421189,21.99152512
2017-12-30 03:00-04:00,73518.22222,26.71962963,36.40688889,40.14419753,1498.195062,-64.99012346,59.59753086,49.45185185,31.90854321
2017-12-30 04:00-05:00,73563.16667,29.36692705,39.0761358,42.46716049,1527.454545,-65.32895623,58.57671156,50.19753086,34.27810382
2017-12-30 05:00-06:00,73607.72222,27.72293862,36.63279951,39.90362359,1498.166706,-65.44539451,57.71047947,50.65888602,32.74945443
2017-12-30 06:00-07:00,73652.33333,25.87859259,34.24928395,37.40204938,1522.530864,-65.07654321,57.3308642,50.06666667,31.08671605
2017-12-30 07:00-08:00,73697.38889,24.95374879,33.36432313,36.69404455,1555.818035,-64.9958132,56.80338164,49.90499195,29.1469898
2017-12-30 08:00-09:00,73742.22222,23.35771661,31.61715713,34.92488215,1552.927609,-64.83664422,56.18294052,49.93956229,28.05555836
2017-12-30 09:00-10:00,73787.05556,20.57443961,27.37977295,29.89732904,1508.078207,-64.83220612,55.62125604,50.14320988,24.93957864
2017-12-30 10:00-11:00,73832.05556,17.227867,22.62938552,24.62769529,1479.62037,-64.81436588,55.19012346,49.96296296,21.14638384
2017-12-30 11:00-12:00,73877,15.4134321,20.20125926,21.99412346,1526.62963,-65.0691358,54.74320988,49.56049383,18.72767901
2017-12-30 12:00-13:00,73922,14.32190123,18.78303704,20.5268642,1556.654321,-64.99506173,54.24197531,49.6,17.2208642
2017-12-30 13:00-14:00,73966.77778,12.74970079,16.92350455,18.58408716,1556.115026,-64.98639757,53.48443609,49.57822671,15.21881836
2017-12-30 14:00-15:00,74011.55556,12.02590123,15.99074074,17.53298765,1436.982716,-65.2,53.17037037,49.05185185,14.36720988
2017-12-30 15:00-16:00,74056.44444,12.0588945,15.85304321,17.29064029,1489.912795,-65.13787879,53.14680135,49.41498316,14.46968462
2017-12-30 16:00-17:00,74101.33333,11.02187654,14.50083951,15.91145679,1540.565432,-65.26666667,54.16296296,49.43209877,13.86476543
2017-12-30 17:00-18:00,74146.11111,8.737732008,11.5168919,12.59153869,1600.276423,-65.21487504,57.63703704,46.02896718,11.44464137
2017-12-30 18:00-19:00,74190.88889,7.37782716,9.558419753,10.40153086,1621.234568,-65.1308642,62.04938272,40.71851852,9.55745679
2017-12-30 19:00-20:00,74235.94444,6.018774557,7.740593666,8.375179817,1639.541063,-65.231562,65.10762211,36.81223833,7.740593666
2017-12-30 20:00-21:00,74280.94444,6.044944444,7.821341751,8.434427609,1676.256734,-65.34180696,67.42312009,34.88765432,7.821341751
2017-12-30 21:00-22:00,74325.55556,7.577626759,9.798460523,10.61737295,1708.349641,-65.16319265,68.77031295,34.18530003,9.759275337
2017-12-30 22:00-23:00,74370.16667,7.211002245,9.192244108,9.945108866,1762.170146,-65.09405163,68.75415264,34.69826038,9.192244108
2017-12-30 23:00-00:00,74415.11111,7.352074074,9.474617284,10.32716049,1793.8,-64.78765432,67.4,37.34567901,9.431975309
2017-12-31 00:00-01:00,74460.11111,8.158123457,10.69328395,11.65854321,1718.214815,-64.47407407,65.64691358,40.02222222,10.60493827
2017-12-31 01:00-02:00,74505.11111,14.51997531,19.80940741,21.56279012,1672.387654,-64.53580247,62.88888889,43.48888889,16.62891358
2017-12-31 02:00-03:00,74550.05556,19.01235466,25.17436308,27.56486251,1713.343042,-64.47469136,60.81616162,46.49309764,22.30698036
2017-12-31 03:00-04:00,74594.83333,23.45087302,31.079806,34.03877954,1765.843915,-64.60017637,59.55255732,47.6617284,27.81842857
2017-12-31 04:00-05:00,74639.61111,25.66976375,33.38778002,36.16132716,1808.58266,-64.61268238,58.79994388,48.39012346,29.58638384
2017-12-31 05:00-06:00,74684.5,29.2556734,38.12126543,41.23574523,1837.825196,-64.72530864,58.22076319,48.79483726,32.21445567
2017-12-31 06:00-07:00,74729.38889,31.30166386,41.19960943,44.72796689,1875.974579,-64.49152637,57.54320988,49.33580247,33.90570202
2017-12-31 07:00-08:00,74774.27778,30.16068126,40.05122783,43.59384624,1900.827441,-64.25594837,57.25016835,49.05185185,32.89257183
2017-12-31 08:00-09:00,74819.22222,27.00659259,35.61888889,38.68101235,1856.837037,-64.6691358,56.72345679,48.51111111,30.35804938
2017-12-31 09:00-10:00,74864.16667,24.28671156,32.04258025,34.75789562,1394.326431,-64.74001122,55.01161616,50.47098765,27.55327778
2017-12-31 10:00-11:00,74909.16667,19.93473108,26.14940311,28.36634192,1173.077295,-64.8886205,54.06409018,50.5459474,23.55656361
2017-12-31 11:00-12:00,74954.22222,16.84007407,22.17918519,24.17718519,1218.62963,-65.0691358,54.0962963,50.29876543,20.43725926
2017-12-31 12:00-13:00,74999.11111,14.2897617,18.62277806,20.22037554,1259.187769,-65.03927649,53.72334195,50.442205,17.58054378
2017-12-31 13:00-14:00,75044,12.70192593,16.70753086,18.29476543,1312.407407,-65.03950617,53.11111111,51.0962963,15.91118519
2017-12-31 14:00-15:00,75088.16667,10.53744444,13.79055556,15.04683951,1361.355556,-64.7382716,52.52345679,50.81728395,13.21833333
2017-12-31 15:00-16:00,75132.27778,9.935461841,12.97807295,14.1799422,1402.138047,-64.17087542,52.15129068,50.29579125,12.45264085
2017-12-31 16:00-17:00,75177.16667,13.88733726,18.33181313,19.88682267,1329.391414,-64.25246914,52.77586981,50.72502806,16.91143771
2017-12-31 17:00-18:00,75222.11111,11.95775309,15.7897037,17.07071605,1389.444444,-64.32098765,56.79753086,47.41234568,14.94291358
2017-12-31 18:00-19:00,75266.94444,10.80037213,14.12743034,15.33394004,1392.24515,-64.45238095,60.56084656,42.9329806,13.33526279
2017-12-31 19:00-20:00,75311.66667,10.17584726,13.22465059,14.24487511,1372.631869,-64.58937697,63.88957795,39.4984209,12.61258857
2017-12-31 20:00-21:00,75356.55556,8.67691358,11.30888889,12.18839506,1375.407407,-64.65185185,66.15308642,36.29135802,10.98417284
2017-12-31 21:00-22:00,75401.55556,10.49022222,13.52320988,14.60565432,1377.148148,-64.72345679,66.9382716,36.55308642,13.12014815
2017-12-31 22:00-23:00,75446.55556,12.35362963,15.90051852,17.19876543,1437.148148,-64.84691358,66.88888889,37.84691358,15.65617284
2017-12-31 23:00-00:00,75491.55556,13.77508642,17.86318519,19.47140741,1474.434568,-64.81975309,65.58765432,41.04938272,17.83464198
2018-1-01 00:00-01:00,77338,14.59,18.73,21.2,248,-79,65,43,18.73
